Date,orcl,ibm,avgo,gild,mmm,lmt,acn,blk,bmy,low,pypl,hd,bk,meta,tsla,tmus,abbv,crm,wmt,t
2024-06-03,118.67731475830078,163.84695434570312,131.33961486816406,62.08137512207031,99.22509765625,465.00726318359375,279.39251708984375,767.7343139648438,40.68891525268555,215.6841278076172,63.459999084472656,326.0297546386719,59.123390197753906,476.5617370605469,176.2899932861328,172.51771545410156,158.7318572998047,235.88192749023438,65.63291931152344,17.518749237060547
2024-06-04,119.46331787109375,164.3723602294922,132.2258758544922,62.79585647583008,98.08126068115234,466.2901306152344,285.6395568847656,775.55615234375,40.66943359375,215.485107421875,63.33000183105469,326.27825927734375,58.42863845825195,476.0627136230469,174.77000427246094,177.33203125,160.66409301757812,234.12742614746094,66.41069793701172,17.849475860595703
2024-06-05,122.01039123535156,165.9287567138672,140.3999481201172,62.52180862426758,98.52884674072266,462.6504211425781,288.5746765136719,779.1016845703125,40.17263412475586,218.41091918945312,63.529998779296875,328.26617431640625,58.448490142822266,494.09759521484375,175.0,179.68435668945312,163.93406677246094,235.79220581054688,66.89930725097656,17.800838470458984
2024-06-06,122.8759994506836,166.74163818359375,139.2255401611328,62.4924430847168,97.69335174560547,466.0216064453125,289.28863525390625,768.8800048828125,39.82195281982422,217.3958282470703,67.0199966430664,329.1011047363281,59.46084213256836,492.8001403808594,177.94000244140625,179.1859893798828,167.0355682373047,242.0027618408203,66.95913696289062,17.78138542175293
2024-06-07,125.28376770019531,168.5359344482422,139.75909423828125,63.32436752319336,100.31919860839844,467.5232238769531,285.9767150878906,764.1678466796875,40.40641784667969,215.62442016601562,67.30000305175781,325.0556640625,59.857845306396484,492.0016784667969,177.47999572753906,179.23582458496094,167.87782287597656,241.0956268310547,65.6927490234375,17.60629653930664
2024-06-10,123.87094116210938,168.90274047851562,143.1203155517578,63.86267852783203,100.12026977539062,464.8680419921875,287.9896240234375,761.6626586914062,41.46820831298828,217.0475311279297,67.08999633789062,330.5522766113281,60.28462219238281,501.6229553222656,173.7899932861328,180.10299682617188,168.9083709716797,241.0856475830078,66.7696762084961,17.372840881347656
2024-06-11,123.25406646728516,167.85194396972656,145.16310119628906,63.51033401489258,100.7767333984375,460.2338562011719,291.7477722167969,753.1729125976562,41.90656280517578,217.29632568359375,64.7699966430664,333.6932067871094,58.319461822509766,506.48345947265625,170.66000366210938,177.8204345703125,166.17347717285156,240.23829650878906,66.54033660888672,17.372840881347656
2024-06-12,139.67071533203125,167.53469848632812,148.58892822265625,62.972023010253906,100.66732025146484,456.5643310546875,283.3291320800781,765.5794677734375,41.31235122680664,223.93414306640625,63.43000030517578,342.0623779296875,58.170589447021484,507.8507995605469,177.2899932861328,173.22540283203125,164.57814025878906,235.06448364257812,66.12152099609375,17.129661560058594
2024-06-13,139.1433868408203,167.65365600585938,166.81887817382812,62.20861053466797,100.99555206298828,456.01739501953125,279.9477844238281,765.181884765625,40.40641784667969,225.7652587890625,61.540000915527344,345.77978515625,58.0614128112793,503.1200256347656,182.47000122070312,174.54112243652344,165.0438690185547,228.31561279296875,66.51041412353516,17.18802261352539
2024-06-14,137.4320831298828,167.74288940429688,172.38783264160156,64.45758819580078,100.3589859008789,455.7986145019531,284.3008728027344,764.8041381835938,40.133670806884766,222.27220153808594,60.6349983215332,344.7460632324219,57.58501434326172,503.67950439453125,178.00999450683594,175.41827392578125,167.05538940429688,231.21653747558594,66.82950592041016,17.158842086791992
2024-06-17,140.59600830078125,168.03036499023438,181.71044921875,63.674903869628906,99.990966796875,456.46490478515625,283.1308288574219,776.4849853515625,39.90962219238281,225.67568969726562,60.130001068115234,347.3900146484375,57.73388671875,506.14715576171875,187.44000244140625,176.8037567138672,168.1354522705078,229.76107788085938,67.2283706665039,17.18802261352539
2024-06-18,143.9091796875,169.07127380371094,179.09242248535156,62.565277099609375,100.22967529296875,457.44940185546875,282.95233154296875,779.0398559570312,39.75376510620117,226.67086791992188,59.119998931884766,351.7336120605469,58.24006652832031,499.0139465332031,184.86000061035156,177.0330047607422,169.8001708984375,231.08692932128906,67.4078598022461,17.55765724182129
2024-06-20,142.18792724609375,172.41204833984375,172.3401336669922,67.85582733154297,101.11491394042969,463.7542419433594,303.58746337890625,778.2246704101562,39.97780990600586,226.43202209472656,59.79999923706055,351.30621337890625,58.39886474609375,501.22186279296875,181.57000732421875,175.86680603027344,170.56317138671875,241.0457763671875,67.81669616699219,17.61602210998535
2024-06-21,140.78504943847656,170.96470642089844,164.79598999023438,70.0156478881836,101.84099578857422,465.00726318359375,306.3837890625,782.9666137695312,40.84477233886719,227.48690795898438,60.61000061035156,353.6519470214844,58.37901306152344,494.3084411621094,183.00999450683594,176.15585327148438,168.83900451660156,244.29559326171875,67.71697998046875,17.89811134338379
2024-06-24,139.1831817626953,173.49258422851562,158.6990203857422,70.0750961303711,102.43777465820312,468.8955993652344,304.6286315917969,794.2498779296875,41.13700866699219,227.28787231445312,59.4900016784668,348.7616882324219,59.03406524658203,498.43450927734375,182.5800018310547,177.37188720703125,171.16761779785156,239.1915740966797,68.70417022705078,18.141292572021484
2024-06-25,138.46681213378906,171.10350036621094,157.56077575683594,68.96546173095703,101.50282287597656,465.47467041015625,304.5889892578125,789.7166748046875,41.098045349121094,216.20162963867188,59.33000183105469,336.2774963378906,58.349239349365234,510.1133728027344,187.35000610351562,177.0529327392578,169.1957244873047,241.00588989257812,67.2283706665039,18.18020248413086
2024-06-26,137.53155517578125,170.37982177734375,158.6781005859375,68.6682357788086,100.9060287475586,464.400634765625,302.0603942871094,782.8175048828125,41.400020599365234,217.7242431640625,58.2599983215332,339.7563781738281,58.23013687133789,512.6309814453125,196.3699951171875,175.73721313476562,169.59207153320312,242.3915557861328,68.09590148925781,18.248292922973633
2024-06-27,139.47171020507812,169.36866760253906,158.14585876464844,68.19268798828125,102.61680603027344,464.53985595703125,300.6424255371094,776.53466796875,40.43564224243164,218.73931884765625,58.369998931884766,339.4283447265625,59.0936164855957,519.0648193359375,197.4199981689453,176.84361267089844,167.45175170898438,252.06130981445312,67.68706512451172,18.23856544494629
2024-06-28,140.48655700683594,171.45045471191406,160.0266571044922,67.97472381591797,101.6420669555664,464.5100402832031,300.860595703125,782.6882934570312,40.45512390136719,219.39614868164062,58.029998779296875,342.1617431640625,59.44099426269531,503.73944091796875,197.8800048828125,175.60763549804688,169.95872497558594,256.2980651855469,67.51754760742188,18.5887451171875
2024-07-01,142.3670196533203,173.58181762695312,163.54209899902344,68.00444030761719,100.07054138183594,463.85369873046875,300.0077819824219,777.66796875,40.2310791015625,212.52943420410156,57.810001373291016,334.1603698730469,59.65934371948242,504.1990051269531,209.86000061035156,178.49822998046875,168.81918334960938,255.4108123779297,67.2882080078125,18.462291717529297
2024-07-02,142.55606079101562,175.7627410888672,165.2046356201172,67.76667022705078,101.07512664794922,463.1177978515625,301.27703857421875,784.4876098632812,39.403079986572266,212.66876220703125,58.970001220703125,332.9477233886719,60.04642105102539,509.014404296875,231.25999450683594,179.39529418945312,164.44932556152344,255.39088439941406,67.87652587890625,18.306655883789062
2024-07-03,143.65049743652344,174.2063446044922,172.35511779785156,65.97341918945312,101.07512664794922,463.4459533691406,303.180908203125,784.4776611328125,39.02317428588867,212.27069091796875,59.63999938964844,331.6257629394531,60.01664733886719,509.4739685058594,246.38999938964844,177.8802490234375,162.34861755371094,260.13604736328125,68.04603576660156,18.170475006103516
2024-07-05,144.0982208251953,174.49383544921875,169.77259826660156,66.07250213623047,100.7767333984375,459.597412109375,296.62646484375,785.9489135742188,39.2209587097168,212.8578338623047,59.7599983215332,332.56005859375,59.431068420410156,539.3953857421875,251.52000427246094,178.65771484375,165.7275848388672,262.3690490722656,69.84092712402344,18.258020401000977
2024-07-08,144.29721069335938,176.09979248046875,174.01365661621094,66.9245376586914,100.55790710449219,459.19964599609375,296.95367431640625,785.5413818359375,39.547306060791016,216.1020965576172,59.09000015258789,337.5497741699219,59.0936164855957,528.8155517578125,252.94000244140625,178.5879364013672,165.0042266845703,256.56719970703125,69.48194885253906,18.29692840576172
2024-07-09,139.96917724609375,174.94984436035156,172.7627716064453,67.1325912475586,99.15547180175781,457.7477111816406,295.5555114746094,797.560302734375,40.407676696777344,215.28607177734375,59.0,335.054931640625,59.75859451293945,529.494873046875,262.3299865722656,178.46832275390625,166.5203094482422,252.03431701660156,69.70132446289062,18.287200927734375
2024-07-10,141.3521728515625,176.2980499267578,173.89703369140625,68.1134262084961,101.1248550415039,458.45379638671875,292.95751953125,807.2230834960938,40.664794921875,219.67478942871094,58.900001525878906,342.10211181640625,60.24492263793945,534.180419921875,263.260009765625,179.9335479736328,166.60948181152344,252.19406127929688,70.20987701416016,18.502437591552734
2024-07-11,142.43971252441406,176.76397705078125,170.03575134277344,69.32212829589844,102.6764907836914,457.8273010253906,296.781982421875,820.017333984375,40.298892974853516,228.6413116455078,59.9900016784668,351.65411376953125,61.00914764404297,512.2113647460938,241.02999877929688,178.22909545898438,168.36337280273438,250.7263641357422,69.60160827636719,18.62091827392578
2024-07-12,144.44520568847656,181.2447967529297,169.5094757080078,69.31221771240234,103.48214721679688,461.1587219238281,309.3707580566406,823.0990600585938,40.01210021972656,232.95040893554688,60.27000045776367,357.5979919433594,64.20500946044922,498.39453125,248.22999572753906,178.95672607421875,168.72999572753906,253.57191467285156,69.04319763183594,18.571550369262695
2024-07-15,142.7490234375,181.2943572998047,170.8580322265625,70.15435028076172,102.16922760009766,461.3078918457031,316.5813903808594,818.1185913085938,39.705535888671875,231.04962158203125,60.470001220703125,356.2958984375,65.21736145019531,495.6871337890625,252.63999938964844,181.1595458984375,168.02999877929688,252.46365356445312,69.41214752197266,18.344467163085938
2024-07-16,142.29005432128906,184.19895935058594,168.82473754882812,70.9766616821289,102.75605773925781,465.9818115234375,323.6824951171875,838.9751586914062,40.74391174316406,239.80715942382812,61.810001373291016,366.89154052734375,64.53253173828125,489.3232116699219,256.55999755859375,182.3855438232422,169.1999969482422,255.62867736816406,69.79106140136719,18.61104393005371
2024-07-17,138.9475555419922,185.82473754882812,155.46865844726562,72.62129974365234,104.07892608642578,473.4302978515625,324.2800598144531,836.1419677734375,42.672325134277344,241.86717224121094,61.2400016784668,369.64483642578125,63.609500885009766,461.5496826171875,248.5,182.9636688232422,175.27000427246094,250.8262176513672,70.82810974121094,18.9171142578125
2024-07-18,137.72032165527344,183.61407470703125,159.9937744140625,72.82935333251953,103.46224975585938,473.3606872558594,326.7699279785156,824.123046875,41.920738220214844,238.21487426757812,60.0,363.8699035644531,63.00407791137695,475.396484375,249.22999572753906,181.69778442382812,171.13999938964844,246.96229553222656,70.61870574951172,18.90723991394043
2024-07-19,138.24913024902344,181.66114807128906,156.83416748046875,71.88814544677734,103.36278533935547,472.28668212890625,327.8554992675781,825.8130493164062,42.16796875,237.36898803710938,59.33000183105469,361.16632080078125,62.220001220703125,476.3356018066406,239.1999969482422,181.4585723876953,172.32000732421875,247.24185180664062,70.54890441894531,18.877622604370117
2024-07-22,139.85552978515625,182.5533447265625,160.53199768066406,71.73954010009766,104.40715789794922,471.95849609375,330.1661071777344,838.279296875,42.197635650634766,239.1105499267578,60.77000045776367,361.0570068359375,63.2599983215332,486.9354553222656,251.50999450683594,176.86355590820312,173.61000061035156,253.68173217773438,70.1799545288086,18.31484603881836
2024-07-23,142.78892517089844,182.5037841796875,163.23312377929688,70.51101684570312,104.16844940185547,498.5104675292969,328.9908752441406,839.7207641601562,42.50420379638672,237.16000366210938,59.709999084472656,357.44891357421875,63.630001068115234,488.2242431640625,246.3800048828125,175.9864044189453,173.14999389648438,255.65863037109375,70.4491958618164,17.979156494140625
2024-07-24,138.4586639404297,182.4244842529297,150.8438720703125,72.81944274902344,102.69638061523438,512.3433227539062,327.3475646972656,822.781005859375,44.16560745239258,231.6699981689453,58.06999969482422,348.19512939453125,63.900001525878906,460.8303527832031,215.99000549316406,176.31533813476562,176.2100067138672,249.3884735107422,70.39933013916016,18.9171142578125
2024-07-25,137.51080322265625,190.31546020507812,148.7706756591797,75.80157470703125,102.83563232421875,518.5089721679688,328.78173828125,831.61865234375,44.768856048583984,234.77000427246094,57.220001220703125,351.1571350097656,64.80999755859375,452.9778747558594,220.25,174.57102966308594,182.1699981689453,256.1178894042969,69.82097625732422,18.946733474731445
2024-07-26,138.6981201171875,190.0874481201172,151.13291931152344,76.29694366455078,126.47817993164062,521.8900756835938,327.1284484863281,851.1630859375,49.89151382446289,238.8699951171875,58.290000915527344,357.339599609375,65.3499984741211,465.25616455078125,219.8000030517578,174.9597625732422,185.16000366210938,262.2981872558594,69.5816650390625,18.76901626586914
2024-07-29,137.99969482421875,189.83961486816406,149.7275390625,77.0102767944336,124.48890686035156,524.71435546875,324.87762451171875,857.0780639648438,48.43778610229492,239.8000030517578,58.939998626708984,359.4865417480469,64.58999633789062,465.2661437988281,232.10000610351562,176.29539489746094,181.94000244140625,258.1846618652344,69.422119140625,18.660409927368164
2024-07-30,135.36561584472656,189.38360595703125,143.0495147705078,77.32731628417969,126.07037353515625,534.6787719726562,327.865478515625,867.4566650390625,48.50700759887695,241.39999389648438,64.0,361.4943542480469,65.23999786376953,462.74853515625,222.6199951171875,174.79031372070312,186.77999877929688,257.52569580078125,68.99333953857422,18.739395141601562
2024-07-31,139.1371307373047,190.4740753173828,160.1532440185547,75.3557357788086,126.8660888671875,538.9151611328125,329.2796936035156,871.3436279296875,47.033504486083984,245.50999450683594,65.77999877929688,365.9373474121094,65.06999969482422,474.37744140625,232.07000732421875,181.6878204345703,185.32000732421875,258.3943176269531,68.44490051269531,19.00597381591797
2024-08-01,137.2014923095703,188.0155792236328,146.5380401611328,75.78175354003906,125.79187774658203,545.816650390625,326.75,860.2592163085938,47.636749267578125,241.36000061035156,65.30999755859375,356.4151611328125,64.63999938964844,497.2655944824219,216.86000061035156,186.4622802734375,189.7100067138672,252.663330078125,69.59163665771484,19.22318458557129
2024-08-02,132.98098754882812,187.48025512695312,143.34852600097656,76.05915832519531,124.56847381591797,545.7272338867188,321.8399658203125,841.04296875,48.23011016845703,240.4199981689453,61.97999954223633,353.2842102050781,63.119998931884766,487.6747741699219,207.6699981689453,188.1467742919922,189.2899932861328,243.58758544921875,68.26541137695312,19.124452590942383
2024-08-05,127.5731430053711,181.7206268310547,141.61422729492188,74.13713073730469,123.94184875488281,542.3560180664062,312.4681091308594,825.8727416992188,47.06317138671875,237.02000427246094,60.459999084472656,347.8969421386719,61.41999816894531,475.276611328125,198.8800048828125,186.26290893554688,184.36000061035156,238.63534545898438,67.39788818359375,18.6702823638916
2024-08-06,127.92236328125,185.1803741455078,143.4481964111328,73.50305938720703,124.22035217285156,538.5571899414062,317.3880920410156,836.0126953125,46.78627395629883,240.64999389648438,62.75,351.77337646484375,62.189998626708984,493.61907958984375,200.63999938964844,189.2432098388672,185.7100067138672,238.04627990722656,67.5474624633789,18.946733474731445
2024-08-07,125.61754608154297,185.1803741455078,135.82327270507812,73.31481170654297,122.17139434814453,545.4686279296875,316.73077392578125,834.8992919921875,45.98523712158203,231.58999633789062,62.7400016784668,340.3328552246094,61.70000076293945,488.45404052734375,191.75999450683594,189.9708251953125,187.50999450683594,239.6637420654297,66.7198257446289,19.00597381591797
2024-08-08,128.67068481445312,190.94000244140625,145.26223754882812,74.89009094238281,124.45906066894531,548.5614013671875,314.5994567871094,849.8011474609375,46.331363677978516,236.3300018310547,64.27999877929688,346.23699951171875,63.40999984741211,509.144287109375,198.83999633789062,192.98101806640625,190.39999389648438,248.72950744628906,67.46768951416016,19.154071807861328
2024-08-09,131.7637176513672,191.4499969482422,147.77395629882812,72.97796630859375,123.50421142578125,548.5216064453125,314.5496520996094,851.1730346679688,46.20280456542969,235.8300018310547,64.72000122070312,346.53521728515625,63.779998779296875,517.2765502929688,200.0,193.56910705566406,189.92999267578125,252.1341552734375,67.7568588256836,19.242931365966797
2024-08-12,132.28256225585938,189.47999572753906,148.13278198242188,72.31416320800781,122.69855499267578,553.822021484375,312.6872253417969,833.3385620117188,46.539039611816406,231.07000732421875,63.459999084472656,343.7222900390625,63.27000045776367,515.458251953125,197.49000549316406,194.31666564941406,190.17999267578125,250.91607666015625,68.50473022460938,19.183691024780273
2024-08-13,133.9587860107422,190.99000549316406,155.6480712890625,73.29499816894531,124.6778793334961,556.318115234375,318.03546142578125,849.5625610351562,48.51689910888672,236.19000244140625,65.11000061035156,347.9565734863281,63.54999923706055,528.0362548828125,207.8300018310547,194.6954345703125,191.22999572753906,254.200927734375,67.93634796142578,19.272550582885742
2024-08-14,135.29579162597656,192.32000732421875,157.1730499267578,73.4535140991211,125.49348449707031,560.0970458984375,318.5334167480469,852.4752807617188,47.87409591674805,237.63999938964844,66.13999938964844,353.5128173828125,64.11000061035156,526.2579956054688,201.3800048828125,195.85166931152344,193.0,254.9197998046875,68.46485137939453,19.381155014038086
2024-08-15,136.62278747558594,193.9499969482422,165.58538818359375,73.65166473388672,126.47817993164062,557.1832885742188,323.81195068359375,866.9297485351562,48.56634521484375,240.05999755859375,67.94000244140625,357.8962097167969,64.9800033569336,536.81787109375,214.13999938964844,193.99771118164062,193.39999389648438,262.3780822753906,72.97200012207031,18.84800148010254
2024-08-16,137.16159057617188,193.77999877929688,165.17672729492188,73.09684753417969,126.3687744140625,557.0242309570312,325.5947265625,867.357177734375,48.81357955932617,241.14999389648438,67.95999908447266,359.8741760253906,65.61000061035156,526.9172973632812,216.1199951171875,195.9214324951172,193.89999389648438,262.4978942871094,73.44999694824219,19.094833374023438
2024-08-19,137.61056518554688,194.72999572753906,167.16021728515625,73.7606430053711,126.39861297607422,555.2938842773438,328.1044921875,865.0906372070312,48.754241943359375,243.2100067138672,69.43000030517578,360.8780822753906,65.73999786376953,528.7755737304688,222.72000122070312,196.93812561035156,196.8699951171875,264.9640197753906,73.72000122070312,19.242931365966797
2024-08-20,138.85777282714844,196.02999877929688,165.40597534179688,74.05786895751953,127.0152816772461,553.9215087890625,329.03070068359375,855.9049682617188,48.43778610229492,240.3300018310547,71.88999938964844,365.0527038574219,65.33999633789062,526.2279663085938,221.10000610351562,195.58255004882812,196.14999389648438,261.4295654296875,74.54000091552734,19.242931365966797
2024-08-21,139.8854522705078,197.2100067138672,165.2365264892578,74.4343490600586,128.53707885742188,550.6895141601562,332.24761962890625,858.0125122070312,47.90376281738281,242.3699951171875,71.45999908447266,368.22344970703125,65.23999786376953,534.64990234375,223.27000427246094,194.82501220703125,196.52999877929688,260.6807556152344,75.23999786376953,19.29229736328125
2024-08-22,137.7702178955078,195.9600067138672,161.80780029296875,75.19721984863281,127.91046142578125,553.94140625,329.22991943359375,860.1498413085938,47.092838287353516,240.30999755859375,71.5199966430664,363.15423583984375,65.48999786376953,531.4230346679688,210.66000366210938,195.8018341064453,196.3699951171875,258.1846618652344,75.58000183105469,19.262678146362305
2024-08-23,138.8777313232422,196.10000610351562,165.81463623046875,76.00962829589844,129.85000610351562,551.9326171875,331.9189453125,877.6463623046875,47.577415466308594,250.07000732421875,71.69999694824219,373.3224792480469,66.4000015258789,527.4967651367188,220.32000732421875,197.93487548828125,197.5500030517578,263.586181640625,75.69999694824219,19.479887008666992
2024-08-26,138.58836364746094,197.97999572753906,159.0967254638672,76.24740600585938,131.85000610351562,555.0054321289062,335.41473388671875,877.944580078125,47.70597839355469,250.5,72.04000091552734,371.8514099121094,67.0,520.6233520507812,213.2100067138672,199.7788543701172,197.44000244140625,264.8641662597656,76.02999877929688,19.50950813293457
2024-08-27,138.1693115234375,198.72999572753906,160.8609161376953,76.28703308105469,131.39999389648438,557.3026123046875,339.0001525878906,880.9169921875,47.587303161621094,248.57000732421875,71.58999633789062,370.9270324707031,67.20999908447266,518.605224609375,209.2100067138672,203.36717224121094,195.9199981689453,263.785888671875,76.12999725341797,19.400901794433594
2024-08-28,137.57066345214844,198.4600067138672,157.66143798828125,77.83258819580078,131.61000061035156,560.8528442382812,336.02227783203125,883.4320678710938,48.51689910888672,248.94000244140625,70.43000030517578,370.44000244140625,67.0,516.2874755859375,205.75,200.7556915283203,195.39999389648438,258.4941711425781,76.08000183105469,19.56874656677246
2024-08-29,139.10720825195312,198.89999389648438,156.41554260253906,78.71434783935547,132.91000366210938,563.7069091796875,338.830810546875,889.6055297851562,49.169593811035156,246.77000427246094,73.16000366210938,367.05999755859375,67.25,517.72607421875,206.27999877929688,199.4300079345703,195.17999267578125,256.6071472167969,76.41999816894531,19.50950813293457
2024-08-30,140.97300720214844,202.1300048828125,162.28623962402344,78.26851654052734,134.69000244140625,564.9500122070312,340.56378173828125,896.5046997070312,49.39704895019531,248.5,72.43000030517578,368.5,68.22000122070312,520.8131713867188,214.11000061035156,198.72000122070312,196.30999755859375,252.50357055664062,77.2300033569336,19.647733688354492
2024-09-03,139.18702697753906,201.27999877929688,152.2891082763672,78.96202850341797,130.85000610351562,567.219970703125,340.4940490722656,881.2152099609375,49.96073913574219,245.4600067138672,72.0,364.739990234375,67.88999938964844,511.2722473144531,210.60000610351562,200.52999877929688,197.69000244140625,247.67117309570312,77.16999816894531,20.1710147857666
2024-09-04,140.43421936035156,204.11000061035156,153.61474609375,78.39730834960938,132.14999389648438,574.780029296875,342.5954895019531,881.2748413085938,49.40693664550781,245.4499969482422,72.61000061035156,364.6700134277344,67.73999786376953,512.2512817382812,219.41000366210938,198.8000030517578,197.00999450683594,247.29176330566406,77.23999786376953,20.309240341186523
2024-09-05,142.29005432128906,202.58999633789062,152.31903076171875,78.04064178466797,131.39999389648438,568.5900268554688,339.54791259765625,871.4827880859375,49.24870681762695,244.11000061035156,72.02999877929688,361.8500061035156,68.0,516.3673706054688,230.1699981689453,197.17999267578125,192.86000061035156,245.7342071533203,76.95999908447266,20.388225555419922
2024-09-06,141.49183654785156,200.74000549316406,136.55087280273438,77.9911117553711,128.60000610351562,566.6300048828125,338.4623107910156,861.8199462890625,48.160884857177734,243.80999755859375,68.88999938964844,360.04998779296875,66.41000366210938,499.7931823730469,210.72999572753906,193.0,193.39999389648438,243.58758544921875,76.63999938964844,20.70416831970215
2024-09-09,139.57615661621094,203.52999877929688,140.35836791992188,78.43694305419922,128.4600067138672,576.5700073242188,340.4243469238281,877.9400024414062,47.96310043334961,244.72999572753906,69.3499984741211,365.5199890136719,67.72000122070312,504.30889892578125,216.27000427246094,195.3000030517578,196.4199981689453,245.37477111816406,77.33999633789062,21.22745132446289
2024-09-10,155.54025268554688,205.32000732421875,147.72413635253906,80.68592834472656,130.08999633789062,572.1900024414062,346.29046630859375,883.8300170898438,48.73446273803711,247.3800048828125,68.8499984741211,370.8699951171875,67.51000213623047,504.30889892578125,226.1699981689453,196.5,199.35000610351562,245.77415466308594,78.80999755859375,21.43478775024414
2024-09-11,156.82736206054688,209.88999938964844,157.75115966796875,80.19055938720703,130.22999572753906,566.9600219726562,348.889892578125,877.1199951171875,48.052101135253906,247.3800048828125,69.3499984741211,370.489990234375,68.0999984741211,511.3421630859375,228.1300048828125,198.5399932861328,194.58999633789062,249.17881774902344,78.83999633789062,21.178085327148438
2024-09-12,161.0179443359375,211.61000061035156,164.02052307128906,82.38999938964844,132.02999877929688,568.27001953125,348.4715881347656,885.1199951171875,47.70597839355469,252.0500030517578,70.36000061035156,374.42999267578125,69.0199966430664,525.0990600585938,229.80999755859375,202.41000366210938,194.02000427246094,252.97283935546875,79.66000366210938,21.316308975219727
2024-09-13,161.66648864746094,214.7899932861328,167.14027404785156,82.80999755859375,133.17999267578125,569.9099731445312,348.162841796875,885.72998046875,48.586124420166016,255.41000366210938,70.0999984741211,379.989990234375,68.69999694824219,524.1199951171875,230.2899932861328,202.8300018310547,194.2100067138672,254.1709747314453,80.5999984741211,21.36567497253418
2024-09-16,169.94786071777344,217.16000366210938,163.4822998046875,83.16000366210938,134.61000061035156,572.9199829101562,352.6844177246094,895.1799926757812,49.436607360839844,256.6400146484375,71.06999969482422,382.010009765625,70.52999877929688,533.280029296875,226.77999877929688,205.85000610351562,195.72999572753906,256.5072937011719,80.55999755859375,21.987689971923828
2024-09-17,167.0942840576172,214.1300048828125,161.9373779296875,83.05000305175781,133.57000732421875,567.010009765625,335.6736755371094,904.52001953125,48.942142486572266,256.7200012207031,71.7699966430664,383.239990234375,70.80999755859375,536.3200073242188,227.8699951171875,202.6999969482422,193.4499969482422,254.7899932861328,78.5999984741211,21.503902435302734
2024-09-18,164.16087341308594,214.94000244140625,161.13999938964844,83.88999938964844,133.36000061035156,565.489990234375,334.8171691894531,922.7100219726562,49.18937301635742,256.6300048828125,73.12000274658203,384.010009765625,71.04000091552734,537.9500122070312,227.1999969482422,196.67999267578125,192.94000244140625,252.42999267578125,79.02999877929688,21.45453453063965
2024-09-19,167.21400451660156,213.88999938964844,167.4199981689453,83.9000015258789,133.83999633789062,565.1799926757812,333.8809509277344,934.8699951171875,48.47734069824219,261.0,77.56999969482422,390.3399963378906,71.72000122070312,559.0999755859375,243.9199981689453,199.63999938964844,193.6199951171875,265.989990234375,78.04000091552734,21.08922576904297
2024-09-20,167.6230926513672,217.6999969482422,171.10000610351562,83.94000244140625,134.77000427246094,571.9199829101562,334.85699462890625,928.7899780273438,48.8630256652832,260.1400146484375,76.76000213623047,389.8599853515625,71.81999969482422,561.3499755859375,238.25,199.44000244140625,193.47000122070312,266.79998779296875,79.05999755859375,21.266944885253906
2024-09-23,165.5776824951172,220.5,172.94000244140625,83.98999786376953,135.63999938964844,580.510009765625,337.8348693847656,937.6099853515625,49.456382751464844,262.2900085449219,77.66999816894531,391.9599914550781,72.13999938964844,564.4099731445312,250.0,202.4600067138672,193.8300018310547,264.2099914550781,80.33000183105469,21.21757698059082
2024-09-24,165.4280242919922,220.97000122070312,174.83999633789062,83.79000091552734,137.22000122070312,578.6300048828125,338.24322509765625,941.22998046875,50.3760871887207,266.0400085449219,78.33999633789062,400.6600036621094,71.81999969482422,563.3300170898438,254.27000427246094,201.44000244140625,193.50999450683594,270.44000244140625,80.66999816894531,21.316308975219727
2024-09-25,165.90695190429688,221.22999572753906,175.52000427246094,82.20999908447266,136.60000610351562,577.9400024414062,335.6836242675781,936.7999877929688,49.39704895019531,264.9700012207031,77.36000061035156,396.92999267578125,72.16999816894531,568.3099975585938,257.0199890136719,203.30999755859375,191.25999450683594,274.0899963378906,81.4000015258789,21.28668975830078
2024-09-26,167.72286987304688,223.42999267578125,178.08999633789062,83.04000091552734,139.44000244140625,577.4000244140625,354.3675842285156,945.02001953125,49.565162658691406,265.6099853515625,80.08000183105469,396.70001220703125,71.5,567.8400268554688,254.22000122070312,203.25,191.89999389648438,275.760009765625,79.91999816894531,21.37554931640625
2024-09-27,168.36143493652344,220.83999633789062,172.69000244140625,83.61000061035156,137.3000030517578,582.3599853515625,348.2823791503906,945.2100219726562,50.34642028808594,267.1400146484375,77.87999725341797,399.5299987792969,71.69999694824219,567.3599853515625,260.4599914550781,205.17999267578125,194.7899932861328,276.6400146484375,79.77999877929688,21.622379302978516
2024-09-30,170.0177001953125,221.0800018310547,172.5,83.83999633789062,136.6999969482422,584.5599975585938,352.0470275878906,949.510009765625,51.167232513427734,270.8500061035156,78.02999877929688,405.20001220703125,71.86000061035156,572.4400024414062,261.6300048828125,206.36000061035156,197.47999572753906,273.7099914550781,80.75,21.721111297607422
2024-10-01,166.78497314453125,219.35000610351562,167.47000122070312,83.94000244140625,137.05999755859375,605.8599853515625,350.5531311035156,934.02001953125,52.31439208984375,272.6400146484375,77.47000122070312,409.04998779296875,71.11000061035156,576.469970703125,258.0199890136719,206.10000610351562,196.9600067138672,270.8699951171875,81.2699966430664,21.849462509155273
2024-10-02,167.333740234375,219.72999572753906,170.66000366210938,84.73999786376953,135.42999267578125,603.2000122070312,354.84564208984375,957.25,53.16486740112305,271.8599853515625,77.44000244140625,411.260009765625,70.94999694824219,572.8099975585938,249.02000427246094,208.0800018310547,196.82000732421875,279.4800109863281,80.43000030517578,21.90870475769043
2024-10-03,166.4856414794922,222.72000122070312,171.88999938964844,84.16999816894531,134.77999877929688,605.8200073242188,359.77557373046875,951.489990234375,53.599998474121094,270.2099914550781,77.30999755859375,411.5799865722656,70.81999969482422,582.77001953125,240.66000366210938,208.02999877929688,195.4499969482422,280.9100036621094,80.43000030517578,21.770477294921875
2024-10-04,170.47666931152344,226.0,176.63999938964844,84.58999633789062,135.27000427246094,605.1300048828125,360.7715148925781,949.1900024414062,53.959999084472656,267.760009765625,79.36000061035156,408.3599853515625,71.9800033569336,595.9400024414062,250.0800018310547,208.27999877929688,194.2899932861328,287.75,80.94000244140625,21.632253646850586
2024-10-07,169.5886688232422,227.1199951171875,175.0800018310547,84.43000030517578,134.85000610351562,605.5399780273438,355.3535461425781,940.6699829101562,53.439998626708984,268.5400085449219,80.26000213623047,408.05999755859375,72.44000244140625,584.780029296875,240.8300018310547,208.3300018310547,193.61000061035156,284.57000732421875,79.0999984741211,21.503902435302734
2024-10-08,173.97879028320312,228.6199951171875,180.72999572753906,85.20999908447266,134.69000244140625,608.0499877929688,358.9190673828125,949.0700073242188,52.47999954223633,273.2699890136719,81.16000366210938,414.17999267578125,73.19999694824219,592.8900146484375,244.5,211.1699981689453,193.00999450683594,291.57000732421875,79.70999908447266,21.582887649536133
2024-10-09,177.88999938964844,234.3000030517578,185.9499969482422,86.13999938964844,135.00999450683594,605.1099853515625,363.6000061035156,955.9199829101562,52.79999923706055,277.17999267578125,81.6500015258789,416.07000732421875,74.0199966430664,590.510009765625,241.0500030517578,212.08999633789062,194.75,287.9200134277344,80.4000015258789,21.652000427246094
2024-10-10,175.41000366210938,233.02000427246094,185.69000244140625,84.66999816894531,133.4600067138672,597.489990234375,361.07000732421875,955.5900268554688,52.400001525878906,273.2099914550781,78.9800033569336,409.9599914550781,74.44999694824219,583.8300170898438,238.77000427246094,211.4499969482422,194.35000610351562,290.1700134277344,79.61000061035156,21.219999313354492
2024-10-11,175.77000427246094,233.25999450683594,181.47999572753906,84.94999694824219,134.75,604.1699829101562,360.739990234375,990.260009765625,52.20000076293945,275.760009765625,80.51000213623047,411.8999938964844,74.1500015258789,589.9500122070312,217.8000030517578,213.0399932861328,194.19000244140625,288.1000061035156,80.0999984741211,21.3700008392334
