Date,nvda,ge,orcl,meta,avgo,lly,nflx,wmt,mmm,ibm,axp,rtx,bk,cat,cost,nee,gs,lmt,gm,tmus
2024-01-02,48.15766525268555,100.0225601196289,102.80282592773438,345.2505187988281,107.3824462890625,589.3344116210938,468.5,52.58402633666992,89.36479187011719,157.09385681152344,186.08187866210938,83.70840454101562,51.21379852294922,289.12445068359375,647.731689453125,60.22880554199219,380.994384765625,447.27142333984375,35.75961685180664,160.1315155029297
2024-01-03,47.55879211425781,98.5216293334961,101.22215270996094,343.43597412109375,104.7309799194336,614.7110595703125,470.260009765625,52.58732604980469,87.56938171386719,155.73207092285156,184.1154327392578,84.09148406982422,50.64671325683594,280.81744384765625,641.7984008789062,60.63965606689453,374.6069030761719,450.2132568359375,34.98590087890625,160.2996368408203
2024-01-04,47.98770523071289,98.99811553955078,101.35059356689453,346.0780029296875,103.78417205810547,611.5264892578125,474.6700134277344,52.07895278930664,87.87809753417969,156.47132873535156,185.52316284179688,83.8950424194336,50.85203552246094,282.5954284667969,645.4419555664062,60.453792572021484,375.7450866699219,448.98748779296875,35.20412826538086,160.51722717285156
2024-01-05,49.086463928222656,100.29257202148438,101.48890686035156,350.89349365234375,103.81088256835938,615.556884765625,474.05999755859375,51.732330322265625,88.21930694580078,154.81771850585938,187.4265594482422,83.86556243896484,51.22357940673828,285.3907470703125,653.067626953125,60.72769546508789,379.1694030761719,447.6440734863281,35.70009994506836,161.57546997070312
2024-01-08,52.24178695678711,101.87291717529297,103.39558410644531,357.5833740234375,106.34065246582031,623.000732421875,485.0299987792969,52.24070739746094,88.43865966796875,156.74368286132812,187.57528686523438,84.3174057006836,51.526676177978516,288.67010498046875,658.7221069335938,61.54939651489258,381.54388427734375,449.7033386230469,36.404380798339844,161.6150360107422
2024-01-09,53.12860107421875,102.2699966430664,102.37802124023438,356.3570251464844,107.09652709960938,622.453369140625,482.0899963378906,52.59062576293945,88.63363647460938,155.71261596679688,185.15635681152344,84.27811431884766,51.77111053466797,288.7095947265625,664.1875,60.659217834472656,376.5201721191406,447.4381408691406,36.245670318603516,161.40733337402344
2024-01-10,54.33833694458008,103.0006103515625,103.06232452392578,369.3578796386719,106.90656280517578,627.140625,478.3299865722656,53.24425506591797,87.98370361328125,156.8312225341797,183.37191772460938,84.55315399169922,51.556007385253906,289.756591796875,669.7424926757812,60.923336029052734,374.773681640625,446.5653991699219,36.017520904541016,161.496337890625
2024-01-11,54.810237884521484,103.10384368896484,103.90530395507812,368.560302734375,108.82691192626953,632.6438598632812,492.2300109863281,53.184837341308594,88.4874038696289,157.73585510253906,183.431396484375,83.80662536621094,51.556007385253906,288.4823913574219,670.5587768554688,59.39731979370117,372.60528564453125,444.3394470214844,35.57114791870117,160.38865661621094
2024-01-12,54.69825744628906,103.07208251953125,105.72021484375,373.3658447265625,109.58869934082031,639.8089599609375,492.1600036621094,53.2541618347168,87.83746337890625,161.27655029296875,180.4672088623047,84.79872131347656,53.628807067871094,286.8526306152344,680.175537109375,59.710350036621094,370.6429138183594,454.1944885253906,34.97597885131836,160.75457763671875
2024-01-16,56.369903564453125,101.6267318725586,105.69046020507812,366.35693359375,110.3089599609375,631.4993896484375,481.239990234375,53.42251968383789,87.44751739501953,162.4049072265625,179.40647888183594,83.98343658447266,54.15678405761719,283.7115783691406,678.433349609375,59.03538131713867,373.2921142578125,448.95806884765625,35.10493087768555,161.28866577148438
2024-01-17,56.04097366333008,100.76111602783203,105.5516128540039,367.26422119140625,109.19196319580078,625.86669921875,480.3299865722656,53.171627044677734,86.1801528930664,161.54891967773438,179.43621826171875,83.54142761230469,53.63858413696289,275.2169494628906,681.1212768554688,57.00069046020508,370.0836181640625,447.6146545410156,34.727996826171875,162.46559143066406
2024-01-18,57.094749450683594,102.08733367919922,107.80287170410156,375.00091552734375,113.17313385009766,620.3336181640625,485.30999755859375,53.88798141479492,86.4726333618164,162.28817749023438,178.2366485595703,83.95397186279297,53.423484802246094,278.44683837890625,684.2272338867188,56.39419174194336,369.8187255859375,450.6545104980469,34.30146026611328,163.07876586914062
2024-01-19,59.47823715209961,103.08796691894531,108.7648696899414,382.2989501953125,119.83049011230469,625.5383911132812,482.95001220703125,53.60408020019531,87.54500579833984,166.8015594482422,181.58746337890625,84.01290893554688,54.2314338684082,283.0909423828125,691.8528442382812,56.01268768310547,375.0091857910156,448.879638671875,35.223968505859375,163.34580993652344
2024-01-22,59.64120101928711,104.21564483642578,109.19132232666016,380.6339416503906,120.75059509277344,627.8272094726562,485.7099914550781,53.607383728027344,87.75623321533203,168.11474609375,183.4115447998047,83.51194763183594,54.02452087402344,286.4549560546875,689.4039306640625,55.61161804199219,378.69842529296875,449.8602294921875,35.03549575805664,162.5743865966797
2024-01-23,59.86015701293945,103.19913482666016,110.90704345703125,384.043701171875,121.32540130615234,626.633056640625,492.19000244140625,53.74272537231445,78.07234191894531,169.19447326660156,183.8675994873047,87.96160125732422,54.004817962646484,286.61370849609375,684.5059814453125,56.13007736206055,373.6060485839844,431.1405944824219,34.94622039794922,161.94140625
2024-01-24,61.34883499145508,103.18325805664062,113.3665771484375,389.5271911621094,124.05206298828125,630.6336059570312,544.8699951171875,52.98346710205078,75.74885559082031,169.18472290039062,184.21456909179688,87.90265655517578,54.10334396362305,288.4494934082031,683.4308471679688,55.768131256103516,372.2618408203125,423.2761535644531,34.420494079589844,160.22052001953125
2024-01-25,61.60377502441406,103.18325805664062,114.05088806152344,391.9997253417969,121.69047546386719,624.5830078125,562.0,53.75593185424805,77.974853515625,185.2345733642578,186.44512939453125,89.32694244384766,54.52703094482422,298.4620666503906,676.8504638671875,56.71700668334961,375.4997863769531,422.6780090332031,34.87678527832031,160.7743682861328
2024-01-26,61.017906188964844,104.18388366699219,113.69385528564453,392.9568786621094,119.2052230834961,636.15673828125,570.4199829101562,54.22800064086914,77.98296356201172,182.3066864013672,199.689697265625,88.80635070800781,54.51717758178711,297.1323547363281,683.7991333007812,57.20611572265625,370.6821594238281,421.5699157714844,34.89662551879883,160.37875366210938
2024-01-29,62.451595306396484,104.11241149902344,112.81120300292969,399.816162109375,120.48049926757812,641.8788452148438,575.7899780273438,54.48218536376953,78.2998046875,182.0343475341797,199.1246337890625,88.48219299316406,55.07880401611328,300.9230651855469,690.897216796875,58.272369384765625,373.4000549316406,419.7067565917969,35.10493087768555,161.2985382080078
2024-01-30,62.760528564453125,106.35983276367188,113.21781921386719,398.8591003417969,119.52973175048828,641.8590087890625,562.8499755859375,54.66374588012695,77.78799438476562,182.74441528320312,202.38619995117188,88.99298095703125,55.21674728393555,302.4215087890625,697.596923828125,57.988685607910156,379.59130859375,423.3055419921875,37.84270095825195,159.92381286621094
2024-01-31,61.5137939453125,105.16068267822266,110.77811431884766,388.9689025878906,116.74371337890625,642.4859008789062,564.1099853515625,54.551509857177734,76.65062713623047,178.64927673339844,199.0056610107422,89.50375366210938,54.645263671875,298.005615234375,691.7633056640625,57.352848052978516,376.78515625,421.07958984375,38.48746109008789,159.458984375
2024-02-01,63.01347732543945,107.53517150878906,114.57650756835938,393.5949401855469,118.72340393066406,657.2342529296875,567.510009765625,55.56166458129883,77.91797637939453,181.80087280273438,201.4642333984375,90.53512573242188,54.68467712402344,305.3289794921875,702.3511962890625,58.448448181152344,376.62811279296875,421.4326171875,38.55690002441406,160.71502685546875
2024-02-02,66.14580535888672,108.43255615234375,114.8343734741211,473.56414794921875,121.13050079345703,664.4193725585938,564.6400146484375,55.97761154174805,77.07307434082031,180.72116088867188,204.62667846679688,90.34850311279297,54.81277084350586,312.6722106933594,707.3360595703125,56.883304595947266,380.56268310546875,417.7063293457031,38.59658432006836,160.0029296875
2024-02-05,69.31713104248047,109.36170959472656,115.42941284179688,458.0309143066406,122.98652648925781,702.78271484375,562.0599975585938,55.67720413208008,75.33452606201172,178.41583251953125,204.16073608398438,90.60387420654297,54.201873779296875,318.93377685546875,709.010986328125,54.750789642333984,375.813720703125,413.5191955566406,37.485599517822266,160.23040771484375
2024-02-06,68.20836639404297,109.25846862792969,114.34841918945312,453.3550109863281,120.96330261230469,701.6184692382812,555.8800048828125,56.05683135986328,76.17130279541016,178.40609741210938,203.87322998046875,90.64318084716797,54.25114440917969,320.2436828613281,708.64208984375,55.005126953125,377.7467041015625,418.6673278808594,37.723670959472656,159.23150634765625
2024-02-07,70.08395385742188,109.98908233642578,116.3021469116211,468.18035888671875,124.36766815185547,721.8699340820312,559.2999877929688,55.91488265991211,76.23629760742188,178.7270965576172,207.2736053466797,90.29938507080078,54.45805740356445,321.10699462890625,717.60498046875,55.15186309814453,379.38525390625,421.7562561035156,38.408111572265625,160.0029296875
2024-02-08,69.62605285644531,110.42586517333984,115.7170181274414,468.5891418457031,126.11882019042969,732.1201171875,558.530029296875,55.91158676147461,75.71635437011719,180.96510314941406,209.3852081298828,89.42517852783203,54.30040740966797,319.5292053222656,721.9716796875,55.063819885253906,377.7957458496094,418.71636962890625,38.33867263793945,159.16226196289062
2024-02-09,72.1175308227539,110.60851287841797,115.67735290527344,466.7048034667969,126.97757720947266,736.5784301757812,561.3200073242188,55.881874084472656,75.4726333618164,182.9086456298828,210.6343231201172,88.90457153320312,54.40879440307617,314.7263488769531,721.2140502929688,55.34749984741211,377.03045654296875,418.22607421875,38.24939727783203,160.40843200683594
2024-02-12,72.23249816894531,111.3153076171875,114.88395690917969,467.492431640625,125.15320587158203,733.6925048828125,557.8499755859375,56.218589782714844,76.87809753417969,182.7319793701172,210.42611694335938,89.52339935302734,54.80291748046875,319.16204833984375,720.2269897460938,56.29637145996094,385.2528076171875,419.7655944824219,38.963600158691406,159.983154296875
2024-02-13,72.1125259399414,112.58594512939453,112.74177551269531,458.73876953125,123.83242797851562,739.3748168945312,554.52001953125,55.83565902709961,75.27765655517578,180.3172607421875,207.8585205078125,88.983154296875,53.098331451416016,310.4394836425781,712.0916137695312,54.04647445678711,371.62408447265625,418.24566650390625,38.00141525268555,159.7062225341797
2024-02-14,73.8841552734375,116.34223937988281,113.31698608398438,471.8592834472656,124.878173828125,754.9664306640625,579.3300170898438,55.65739822387695,75.08267974853516,180.18966674804688,209.077880859375,89.76895904541016,53.67966079711914,314.27978515625,719.9976806640625,54.7899169921875,370.9274597167969,410.0772705078125,38.06092834472656,159.64688110351562
2024-02-15,72.64240264892578,117.8272933959961,111.84921264648438,482.5770263671875,125.1601333618164,755.4349975585938,593.4600219726562,55.88517761230469,76.29676055908203,183.4288787841797,210.6938018798828,90.161865234375,54.47776412963867,320.5909729003906,722.3206787109375,56.0224723815918,378.16864013671875,414.91162109375,38.675933837890625,159.79525756835938
2024-02-16,72.59741973876953,118.45466613769531,110.3913345336914,471.899169921875,123.22199249267578,779.6398315429688,583.9500122070312,56.2384033203125,75.36348724365234,184.18472290039062,210.72354125976562,89.39570617675781,54.339820861816406,319.4399108886719,721.80224609375,55.787696838378906,377.20703125,415.84320068359375,38.38827133178711,158.64797973632812
2024-02-20,69.43709564208984,118.02583312988281,107.55493927001953,470.3338928222656,121.34915161132812,753.321533203125,575.1300048828125,58.05403137207031,75.8342514038086,180.0620574951172,210.65414428710938,89.36624145507812,54.063934326171875,311.3325500488281,723.4970703125,55.37685012817383,377.2855224609375,416.039306640625,38.69577407836914,160.2699737548828
2024-02-21,67.45752716064453,118.3832015991211,107.267333984375,467.1201477050781,121.43819427490234,743.6017456054688,573.3499755859375,57.34098434448242,75.74340057373047,176.3909149169922,209.06797790527344,88.60989379882812,54.31025695800781,314.70648193359375,720.8351440429688,55.85617446899414,380.9649658203125,419.25567626953125,39.17190933227539,162.24801635742188
2024-02-22,78.52115631103516,120.4479751586914,110.09381103515625,485.1849670410156,129.10072326660156,767.25830078125,588.469970703125,57.90548324584961,76.17286682128906,180.81788635253906,212.1411895751953,88.52090454101562,54.54673767089844,319.6184997558594,732.1807861328125,55.43553924560547,383.1235656738281,420.5697021484375,39.02311706542969,161.7534942626953
2024-02-23,78.80008697509766,121.76624298095703,111.02605438232422,483.08905029296875,128.25680541992188,767.1585693359375,583.5599975585938,57.95499801635742,76.4619369506836,182.30007934570312,212.7062530517578,88.99549865722656,54.8226203918457,321.394775390625,735.7001342773438,55.54314422607422,383.6926574707031,422.75640869140625,39.3107795715332,162.53482055664062
2024-02-26,79.07503509521484,122.90982055664062,110.05414581298828,480.803466796875,129.51922607421875,769.53125,587.6500244140625,59.02457046508789,75.8342514038086,180.73934936523438,215.0855255126953,89.00537872314453,54.46791076660156,322.88323974609375,743.09765625,54.44245147705078,382.8782958984375,420.8540954589844,39.4694938659668,162.10952758789062
2024-02-27,78.68411254882812,122.29039001464844,110.46075439453125,486.1031494140625,128.24295043945312,762.6326293945312,601.6699829101562,59.01466751098633,76.23068237304688,181.46571350097656,216.09671020507812,89.40087127685547,54.733943939208984,325.1159973144531,742.4596557617188,54.847190856933594,383.4571838378906,422.079833984375,39.85634994506836,162.81173706054688
2024-02-28,77.6463394165039,123.57689666748047,110.75828552246094,483.07904052734375,127.56922149658203,755.29541015625,596.47998046875,59.044376373291016,75.53692626953125,181.88780212402344,216.1462860107422,88.90650939941406,54.8226203918457,327.03118896484375,745.6997680664062,54.3338623046875,388.5164489746094,424.0900573730469,40.30272674560547,162.00076293945312
2024-02-29,79.09502410888672,124.59341430664062,110.75828552246094,489.17718505859375,128.66441345214844,751.3477172851562,602.9199829101562,58.04412841796875,76.08202362060547,181.62277221679688,217.52426147460938,88.6593246459961,55.26601028442383,331.39739990234375,741.64208984375,54.481937408447266,384.4354248046875,423.0133361816406,40.77031707763672,162.14968872070312
2024-03-01,82.26134490966797,125.99110412597656,112.84095764160156,501.3235168457031,138.42738342285156,779.69970703125,619.3400268554688,58.19267654418945,75.8672866821289,184.73439025878906,217.76220703125,88.78787231445312,54.674827575683594,334.1164245605469,747.1753540039062,54.501678466796875,383.4967346191406,421.25506591796875,40.7802734375,162.2191925048828
2024-03-04,85.21870422363281,127.86529541015625,113.11863708496094,497.22149658203125,138.7330780029297,789.8282470703125,615.8300170898438,58.72746658325195,75.52040100097656,189.50489807128906,217.01869201660156,88.8966293334961,54.674827575683594,336.0514221191406,756.8859252929688,54.26476287841797,387.5975036621094,426.6681823730469,40.720577239990234,162.18939208984375
2024-03-05,85.9495849609375,125.36373138427734,110.02439880371094,489.2669982910156,132.84542846679688,775.1837158203125,598.5,59.460323333740234,76.55278778076172,188.41534423828125,215.3234405517578,89.04492950439453,55.068946838378906,330.970703125,757.6536254882812,54.68924331665039,386.2734069824219,426.7077331542969,40.44200897216797,164.7313690185547
2024-03-06,88.68512725830078,126.66613006591797,111.34341430664062,495.1255798339844,133.56272888183594,777.35693359375,597.6900024414062,59.985206604003906,76.4123764038086,192.54782104492188,216.56263732910156,89.24268341064453,54.96056365966797,333.0545959472656,770.9034423828125,54.81757354736328,384.9493103027344,428.18939208984375,39.9445686340332,166.24066162109375
2024-03-07,92.65345764160156,132.2251434326172,113.59468078613281,511.1943054199219,139.20301818847656,777.7457275390625,608.510009765625,59.77722930908203,76.4949722290039,192.9208221435547,221.48971557617188,89.5294189453125,54.91129684448242,337.609375,783.216064453125,55.52833557128906,383.82281494140625,424.74200439453125,39.148658752441406,163.2320098876953
2024-03-08,87.5133285522461,133.3845977783203,111.49217224121094,504.9664306640625,129.47865295410156,759.781494140625,604.8200073242188,59.539546966552734,77.5521240234375,192.34169006347656,221.44015502929688,89.8556900024414,54.65511703491211,336.5872802734375,723.3674926757812,57.06832504272461,382.3998718261719,427.6164855957031,39.29789352416992,162.83482360839844
2024-03-11,85.7596206665039,132.2727813720703,113.18806457519531,482.6498718261719,127.9352798461914,732.097412109375,600.9299926757812,60.07433319091797,77.67601013183594,188.19940185546875,218.28762817382812,90.36983489990234,54.793060302734375,332.3996887207031,711.9221801757812,57.1275520324707,381.5797424316406,429.44390869140625,39.32773971557617,163.59939575195312
2024-03-12,91.89759826660156,132.98753356933594,126.48738861083984,498.77850341796875,127.81260681152344,752.61376953125,611.0800170898438,60.81709289550781,81.53297424316406,194.1379852294922,220.7263641357422,88.93617248535156,54.31025695800781,334.6522521972656,734.6532592773438,56.41679382324219,383.5757751464844,429.6019592285156,39.009376525878906,162.52700805664062
2024-03-13,90.87276458740234,135.1317138671875,124.48405456542969,494.6065979003906,124.44779968261719,755.494873046875,609.4500122070312,60.688350677490234,85.95154571533203,193.077880859375,220.88499450683594,89.53929901123047,54.46791076660156,338.8993835449219,731.9813842773438,58.77613067626953,387.65679931640625,429.2957458496094,40.05400466918945,162.93411254882812
2024-03-14,87.92925262451172,132.42367553710938,124.49397277832031,490.8738708496094,124.88312530517578,758.3758544921875,613.010009765625,60.63667678833008,85.16693115234375,189.8680877685547,218.56520080566406,90.72576904296875,53.65010452270508,339.2963562011719,729.7382202148438,58.77613067626953,384.00067138671875,430.451416015625,39.17850875854492,161.71278381347656
2024-03-15,87.822265625,134.12315368652344,124.50389099121094,483.1589050292969,122.23462677001953,751.836181640625,605.8800048828125,60.29881286621094,86.7196273803711,187.5515594482422,216.57257080078125,91.88258361816406,53.61069107055664,344.3075866699219,723.4373168945312,59.3092041015625,382.6172790527344,430.5008544921875,40.48180389404297,160.67018127441406
2024-03-18,88.44017028808594,134.93316650390625,126.74524688720703,496.0138854980469,122.4067611694336,760.2999267578125,618.3900146484375,60.47768020629883,86.55445098876953,188.16012573242188,219.06088256835938,92.40660858154297,54.132904052734375,349.19976806640625,729.3294067382812,59.39804458618164,379.81097412109375,427.9128112792969,40.61113739013672,160.01483154296875
2024-03-19,89.38301849365234,137.7523956298828,128.12376403808594,495.2752990722656,122.48295593261719,770.3886108398438,620.739990234375,60.48761749267578,86.98391723632812,189.77975463867188,219.77467346191406,93.79084014892578,54.428497314453125,351.1844177246094,729.95751953125,60.48393249511719,384.0500793457031,431.8541259765625,41.297607421875,159.60772705078125
2024-03-20,90.35684967041016,138.12564086914062,128.17337036132812,504.5372314453125,126.77912902832031,770.4683227539062,627.6900024414062,60.865230560302734,89.28817749023438,190.3883514404297,225.94091796875,93.78094482421875,55.325130462646484,353.7148742675781,738.4816284179688,61.40200424194336,391.7674560546875,435.0348205566406,42.63075256347656,160.02476501464844
2024-03-21,91.41967010498047,140.27777099609375,127.94524383544922,506.7729187011719,133.9328155517578,767.8764038085938,622.7100219726562,61.0639762878418,89.08995819091797,188.3662567138672,227.1404571533203,93.19759368896484,56.43852615356445,361.7626037597656,740.3161010742188,60.57278060913086,408.802978515625,437.75128173828125,43.19783401489258,159.79637145996094
2024-03-22,94.273193359375,139.09449768066406,126.7353286743164,508.58935546875,134.47630310058594,768.2252807617188,628.010009765625,60.48761749267578,88.18972778320312,187.32577514648438,224.0077667236328,94.46316528320312,55.64043045043945,355.3620910644531,732.5795288085938,60.987388610839844,401.99468994140625,440.43804931640625,42.83967590332031,159.4786376953125
2024-03-25,94.98606872558594,137.77622985839844,125.03944396972656,502.0420837402344,134.28851318359375,770.7474975585938,627.4600219726562,60.18950271606445,86.58748626708984,185.3135223388672,224.07716369628906,94.5521469116211,55.70940017700195,353.21868896484375,728.751220703125,61.80674362182617,400.136962890625,440.86279296875,43.32716751098633,159.9850311279297
2024-03-26,92.54547882080078,137.8238525390625,125.42622375488281,494.9259948730469,132.2924346923828,772.5020751953125,629.239990234375,60.129878997802734,84.76223754882812,185.02886962890625,222.52072143554688,94.97730255126953,55.77837371826172,353.65533447265625,728.7710571289062,60.64188003540039,401.3622741699219,440.54669189453125,43.77486801147461,159.96517944335938
2024-03-27,90.23486328125,143.0413818359375,124.23612976074219,492.8999328613281,131.024658203125,775.7718505859375,613.530029296875,60.33856201171875,86.38101196289062,187.28652954101562,225.7823028564453,96.35163879394531,56.09366989135742,361.8519287109375,729.8677978515625,62.97160339355469,410.32470703125,451.20501708984375,44.36185073852539,160.86875915527344
2024-03-28,90.34085083007812,139.39627075195312,124.57332611083984,484.6360168457031,131.6883544921875,775.5526123046875,607.3300170898438,59.79201126098633,87.60334777832031,187.44357299804688,225.7228240966797,96.43074035644531,56.77353286743164,363.6182556152344,730.4161376953125,63.090065002441406,412.7357482910156,449.3183288574219,45.117958068847656,162.07025146484375
2024-04-01,90.34784698486328,139.2612762451172,124.44438934326172,490.3948059082031,134.15736389160156,758.1964111328125,614.3099975585938,59.623085021972656,92.8708724975586,186.33438110351562,225.64349365234375,96.65814971923828,56.12322998046875,360.94891357421875,719.060546875,62.566864013671875,408.6053466796875,447.26373291015625,45.16770935058594,161.5241241455078
2024-04-02,89.43700408935547,135.7963409423828,123.31379699707031,496.4031066894531,133.0147705078125,761.5958862304688,614.2100219726562,58.788360595703125,91.70529174804688,185.40188598632812,223.58148193359375,97.43924713134766,56.21190643310547,362.030517578125,709.1505737304688,62.073280334472656,405.28515625,447.7082214355469,44.66031265258789,160.93829345703125
2024-04-03,88.94908142089844,144.90115356445312,125.1981201171875,505.7548828125,135.44403076171875,773.588623046875,630.0800170898438,59.056663513183594,92.05101776123047,187.38467407226562,224.67198181152344,96.45051574707031,56.81294631958008,372.90643310546875,703.5574951171875,61.74750900268555,409.08953857421875,442.4333801269531,44.938880920410156,162.10995483398438
2024-04-04,85.89059448242188,146.6624298095703,123.1650390625,509.9267883300781,130.90243530273438,765.7031860351562,617.1400146484375,59.126224517822266,89.43341064453125,184.47918701171875,218.3672637939453,98.190673828125,55.93601989746094,366.9524841308594,702.7499389648438,62.91237258911133,401.43145751953125,448.49847412109375,43.456504821777344,160.47158813476562
2024-04-05,87.99324798583984,155.52845764160156,123.86917877197266,526.3148193359375,133.08131408691406,781.7832641601562,636.1799926757812,59.47402572631836,89.91741943359375,185.65708923339844,221.22129821777344,100.54386138916016,55.906463623046875,376.3894958496094,711.563232421875,63.356597900390625,403.2298583984375,449.8221130371094,44.00368881225586,159.97511291503906
2024-04-08,87.11839294433594,155.74737548828125,123.32371520996094,518.2406005859375,132.75047302246094,774.8845825195312,628.4099731445312,59.40446472167969,90.8064193725586,186.32456970214844,222.86212158203125,100.73170471191406,56.182350158691406,370.604248046875,709.6590576171875,64.02787780761719,405.67059326171875,446.8587341308594,44.113128662109375,159.76658630371094
2024-04-09,85.33968353271484,153.72738647460938,122.60736083984375,515.8951416015625,132.54977416992188,754.8966064453125,618.2000122070312,59.414405822753906,91.47811126708984,185.82395935058594,218.6158905029297,100.45486450195312,56.359703063964844,369.0462646484375,716.4185791015625,64.54119873046875,405.8385314941406,442.107421875,44.501129150390625,159.8658905029297
2024-04-10,87.02440643310547,155.83692932128906,121.13483428955078,518.8194580078125,131.3863067626953,759.6219482421875,618.5800170898438,60.23918533325195,91.49786376953125,182.61416625976562,216.43807983398438,100.21757507324219,54.86203384399414,369.2149963378906,720.3965454101562,63.18878173828125,396.0065612792969,446.1968994140625,43.715171813964844,159.25025939941406
2024-04-11,90.6008071899414,156.90162658691406,122.6173095703125,522.1429443359375,137.35665893554688,757.2394409179688,628.780029296875,59.712520599365234,92.0411376953125,182.47674560546875,216.98501586914062,99.64410400390625,54.55658721923828,369.1257019042969,730.1369018554688,63.11967468261719,392.7654724121094,446.7994689941406,43.61568832397461,159.55807495117188
2024-04-12,88.17121124267578,154.14041137695312,120.4980697631836,510.90484619140625,133.54234313964844,749.3140258789062,622.8300170898438,59.762203216552734,90.1939926147461,178.91360473632812,216.98501586914062,98.97177124023438,54.24128723144531,362.8244323730469,729.1001586914062,62.270713806152344,384.8702392578125,444.90289306640625,42.85957717895508,158.92257690429688
2024-04-15,85.98657989501953,153.21334838867188,119.27428436279297,499.257568359375,130.22581481933594,748.4467163085938,607.1500244140625,59.553524017333984,90.18412017822266,177.91238403320312,217.18389892578125,98.8926773071289,54.28070068359375,361.1175842285156,716.1095581054688,61.9449462890625,396.1251525878906,447.5501708984375,42.4715690612793,158.6942138671875
2024-04-16,87.40034484863281,156.263671875,120.01054382324219,498.7884521484375,132.05099487304688,744.42919921875,617.52001953125,59.464088439941406,89.93717956542969,180.36634826660156,217.12423706054688,99.70343017578125,53.20671081542969,357.1185302734375,713.806396484375,60.908416748046875,392.1528015136719,448.7651672363281,42.44172668457031,158.66439819335938
2024-04-17,84.02091217041016,155.17710876464844,118.07039642333984,493.2093505859375,127.4378662109375,748.4467163085938,613.6900024414062,59.2752799987793,89.84827423095703,179.7283172607422,216.4579620361328,99.61444091796875,53.65995407104492,355.57049560546875,713.02880859375,62.97160339355469,399.11920166015625,450.48394775390625,42.24274444580078,158.96229553222656
2024-04-18,84.65680694580078,152.4557647705078,115.41388702392578,500.8244934082031,125.08908081054688,743.6416625976562,610.5599975585938,58.88772964477539,90.36192321777344,178.1283416748047,216.28890991210938,99.57489776611328,54.438350677490234,355.1834716796875,709.1007080078125,63.18878173828125,398.32867431640625,450.5234375,42.22284698486328,159.71694946289062
2024-04-19,76.18722534179688,147.59121704101562,114.29954528808594,480.1347961425781,119.69599914550781,724.0624389648438,555.0399780273438,59.156036376953125,91.14225769042969,178.23629760742188,229.75350952148438,100.41531372070312,55.46307373046875,353.22149658203125,707.3660278320312,63.47506332397461,399.2081604003906,458.20849609375,42.15320587158203,161.1865234375
2024-04-22,79.50466918945312,149.71446228027344,113.9513168334961,480.79351806640625,121.65828704833984,729.06689453125,554.5999755859375,59.762203216552734,91.48799133300781,178.55039978027344,231.70260620117188,100.41531372070312,56.32029342651367,356.1595153808594,713.2980346679688,64.47209930419922,412.3997802734375,455.699462890625,42.98890686035156,161.21630859375
2024-04-23,82.4091796875,162.10511779785156,114.50847625732422,495.1355895996094,124.1153793334961,743.3824462890625,577.75,58.71879959106445,91.86334228515625,178.8350830078125,237.62942504882812,100.23734283447266,56.5961799621582,361.7766418457031,720.4961547851562,65.35067749023438,418.97088623046875,454.4647216796875,44.869239807128906,162.10003662109375
2024-04-24,79.66364288330078,158.68597412109375,114.75721740722656,492.5406494140625,124.87347412109375,729.9342041015625,555.1199951171875,59.493900299072266,90.89531707763672,180.70989990234375,237.78851318359375,99.88140106201172,57.09868621826172,362.0455322265625,721.7025146484375,65.70606231689453,418.0223083496094,453.5362243652344,44.84934616088867,163.0234832763672
2024-04-25,82.61814880371094,160.74940490722656,114.30949401855469,440.5219421386719,128.60928344726562,722.6268920898438,564.7999877929688,59.831764221191406,90.29277801513672,165.79962158203125,235.77976989746094,100.56362915039062,56.751312255859375,336.6290588378906,720.833740234375,66.04170989990234,415.0677490234375,459.10736083984375,45.38657760620117,162.8944091796875
2024-04-26,87.72029113769531,161.8359832763672,116.6177749633789,442.4282531738281,133.54234313964844,731.2401123046875,561.22998046875,59.78207778930664,90.7076416015625,164.05239868164062,234.32791137695312,100.26701354980469,56.8902587890625,341.98724365234375,728.1433715820312,65.14337158203125,422.49859619140625,455.6600036621094,45.60545349121094,162.8050537109375
2024-04-29,87.7422866821289,163.9691925048828,115.90141296386719,431.7789611816406,133.0008544921875,734.918701171875,559.489990234375,59.861576080322266,91.03360748291016,164.3468475341797,237.58963012695312,101.285400390625,56.90018844604492,348.3811950683594,725.2974243164062,66.5550308227539,425.70013427734375,461.84356689453125,45.80442810058594,163.09298706054688
2024-04-30,86.38751220703125,161.30764770507812,113.17525482177734,429.3337707519531,129.19052124023438,778.6828002929688,550.6400146484375,58.97716522216797,95.3304443359375,163.13951110839844,232.72686767578125,100.37576293945312,56.06648635864258,333.2129821777344,721.872314453125,66.11080932617188,421.64874267578125,459.25555419921875,44.302154541015625,163.0135498046875
2024-05-01,83.0270767211914,159.19436645507812,114.05081176757812,438.3362121582031,123.48645782470703,774.3462524414062,551.7100219726562,58.48030471801758,97.23685455322266,161.402099609375,230.1711883544922,100.07914733886719,56.03670883178711,329.7271728515625,721.1932373046875,67.72976684570312,421.88592529296875,456.0946350097656,44.242462158203125,164.30441284179688
2024-05-02,85.8026123046875,162.12506103515625,114.37914276123047,440.82135009765625,123.06021881103516,753.5707397460938,565.1500244140625,59.334903717041016,95.62677764892578,161.65731811523438,231.2053985595703,100.7416000366211,56.1756591796875,334.0794372558594,731.3987426757812,67.96668243408203,427.43927001953125,457.54669189453125,44.44144058227539,163.74835205078125
2024-05-03,88.77411651611328,163.59039306640625,115.21490478515625,451.08135986328125,126.98876953125,732.695556640625,579.3400268554688,59.4442138671875,95.96261596679688,162.65855407714844,229.48501586914062,100.25712585449219,56.57265853881836,335.3841247558594,742.8424682617188,69.2401351928711,432.9826965332031,456.2724304199219,44.63046646118164,163.44053649902344
2024-05-06,92.12454986572266,167.43817138671875,117.7420654296875,464.77471923828125,130.1880645751953,764.3074951171875,596.969970703125,59.493900299072266,95.40946197509766,165.50514221191406,233.02520751953125,100.7613754272461,57.0490608215332,340.7124328613281,755.3746337890625,70.33589172363281,438.4076232910156,457.1318054199219,44.829444885253906,161.22622680664062
2024-05-07,90.538818359375,168.24562072753906,117.33413696289062,467.3297424316406,129.4727020263672,775.3631591796875,606.0,60.23918533325195,94.37229919433594,165.27938842773438,233.35336303710938,102.06649780273438,56.969661712646484,343.6006774902344,770.2135009765625,71.02691650390625,438.53607177734375,460.98419189453125,45.048316955566406,161.04750061035156
2024-05-08,90.39684295654297,168.3253631591797,116.79686737060547,471.6812438964844,131.6843719482422,772.6016845703125,609.469970703125,59.921199798583984,95.17240142822266,166.77137756347656,234.92457580566406,102.76849365234375,57.078834533691406,343.1026916503906,762.32470703125,71.91535949707031,441.6487121582031,460.4705505371094,44.81949234008789,161.68299865722656
2024-05-09,88.73212432861328,166.96966552734375,116.0506591796875,474.49578857421875,129.72705078125,769.162353515625,612.0900268554688,60.268211364746094,96.14042663574219,164.82838439941406,237.80841064453125,104.54820251464844,57.91253662109375,350.3531799316406,777.9324951171875,73.62317657470703,450.1565856933594,462.67333984375,45.12791061401367,163.51995849609375
2024-05-10,89.86292266845703,162.8627166748047,116.08050537109375,475.2742614746094,132.42259216308594,757.6481323242188,610.8699951171875,60.30809783935547,97.72086334228516,165.70074462890625,240.95082092285156,105.12166595458984,58.001861572265625,353.3509521484375,786.0709228515625,72.84331512451172,449.33642578125,463.1573791503906,44.978675842285156,163.04335021972656
2024-05-13,90.38385009765625,158.9949951171875,115.78202056884766,467.1001892089844,132.89056396484375,755.3552856445312,616.5900268554688,60.23829650878906,98.41230010986328,166.10719299316406,237.32113647460938,104.60752868652344,57.41628646850586,355.2332763671875,774.0480346679688,73.62317657470703,448.1802978515625,464.81683349609375,44.938880920410156,162.1993408203125
2024-05-14,91.34069061279297,159.49339294433594,120.25928497314453,470.9327392578125,137.11521911621094,761.6157836914062,613.6599731445312,59.68986129760742,98.8568115234375,165.90892028808594,240.1851043701172,104.50865173339844,57.91253662109375,356.7272033691406,776.7941284179688,74.45240020751953,453.03204345703125,461.47808837890625,44.79959487915039,161.26596069335938
2024-05-15,94.61412811279297,162.95242309570312,121.01543426513672,480.6038818359375,142.69308471679688,785.921875,613.52001953125,59.65994644165039,100.00263214111328,166.80111694335938,240.35415649414062,104.16259765625,58.35916519165039,358.5796813964844,785.9210815429688,76.06149291992188,460.5616760253906,458.4159240722656,45.25724792480469,161.53404235839844
2024-05-16,94.34317779541016,160.60986328125,121.54276275634766,472.31005859375,140.30455017089844,770.0440063476562,610.52001953125,63.828067779541016,103.57838439941406,167.5049591064453,239.97628784179688,103.68515014648438,58.32939147949219,349.2974548339844,791.9425659179688,75.42969512939453,459.01031494140625,459.15673828125,45.63529968261719,162.42770385742188
2024-05-17,92.46348571777344,159.38375854492188,122.87599182128906,470.99261474609375,138.6313934326172,768.9255981445312,621.0999755859375,64.46624755859375,103.97350311279297,167.56443786621094,241.46792602539062,103.62547302246094,59.053916931152344,354.824951171875,794.6786499023438,75.1137924194336,462.17236328125,460.5100402832031,45.52585983276367,162.84475708007812
2024-05-20,94.76410675048828,158.7756805419922,123.89083099365234,467.9285583496094,140.49334716796875,782.087158203125,640.8200073242188,63.997581481933594,103.92411041259766,168.4467315673828,240.95082092285156,104.46099853515625,58.50804138183594,361.2786865234375,791.8726196289062,74.89662170410156,457.44903564453125,461.3793029785156,44.879188537597656,162.74546813964844
2024-05-21,95.37001037597656,160.49024963378906,124.00028228759766,463.72674560546875,139.01986694335938,802.0492553710938,650.6099853515625,64.96482849121094,101.87940216064453,171.9659423828125,241.7264862060547,104.86882019042969,58.63706588745117,357.6136169433594,799.7913818359375,75.96276092529297,464.8304443359375,462.59429931640625,44.69015884399414,163.2022247314453
2024-05-22,94.93408203125,160.30084228515625,123.9704360961914,466.8706359863281,138.32835388183594,801.7896118164062,640.469970703125,65.06453704833984,100.24957275390625,172.1840362548828,238.75311279296875,105.74413299560547,58.52789306640625,354.4963073730469,800.7200317382812,75.3408432006836,456.89569091796875,463.9772033691406,43.74502182006836,164.3341827392578
2024-05-23,103.78160095214844,164.73675537109375,123.4630126953125,464.87451171875,138.43267822265625,807.3219604492188,635.6699829101562,64.65570068359375,98.9764404296875,169.19021606445312,234.14892578125,104.84893035888672,57.8926887512207,349.2775573730469,795.2079467773438,74.35367584228516,452.7158508300781,461.3793029785156,43.506248474121094,163.8079376220703
2024-05-24,106.4511489868164,166.80020141601562,122.28897857666016,477.29034423828125,139.87831115722656,806.3033447265625,646.75,65.19416809082031,99.13557434082031,169.40830993652344,236.85374450683594,105.704345703125,58.64699172973633,347.4848327636719,808.578857421875,75.62712860107422,455.70989990234375,461.6460266113281,43.88430404663086,164.83067321777344
2024-05-28,113.88190460205078,168.02630615234375,123.8609848022461,478.987060546875,140.33633422851562,806.7327270507812,649.0,64.85514068603516,98.15088653564453,168.18898010253906,235.92893981933594,104.95833587646484,57.80336380004883,345.064697265625,812.0139770507812,76.53532409667969,454.3561706542969,452.88427734375,42.86952590942383,166.13143920898438
2024-05-29,114.80574798583984,163.08201599121094,123.11478424072266,473.4378356933594,138.17236328125,810.3976440429688,654.6199951171875,64.7354736328125,97.0368881225586,165.6016082763672,234.62623596191406,104.01339721679688,57.326961517333984,336.73858642578125,805.3734741210938,75.69623565673828,451.74749755859375,447.194580078125,42.42182540893555,167.6903839111328
2024-05-30,110.48147583007812,163.6800994873047,116.49837493896484,466.14202880859375,135.5304718017578,813.9227294921875,647.6599731445312,64.70555877685547,97.67345428466797,164.1939239501953,235.89910888671875,105.15727996826172,57.98201370239258,337.8739929199219,814.180908203125,77.18685913085938,447.5821228027344,455.3142395019531,43.187889099121094,169.49755859375
2024-05-31,109.6146240234375,164.61712646484375,116.5978775024414,465.9224853515625,132.0003204345703,819.1953735351562,641.6199951171875,65.57308959960938,99.60305786132812,165.40335083007812,238.66363525390625,107.23615264892578,59.16309356689453,337.1469421386719,808.7386474609375,78.99337768554688,453.8351135253906,464.5995178222656,44.759803771972656,174.39161682128906
2024-06-03,114.98072052001953,160.94879150390625,118.67731475830078,476.5617370605469,131.33961486816406,830.10009765625,633.7899780273438,65.63291931152344,99.22509765625,163.84695434570312,235.56100463867188,106.79850006103516,59.123390197753906,330.0159912109375,814.2308349609375,77.20993041992188,452.30419921875,465.00726318359375,45.50596618652344,172.51771545410156
2024-06-04,116.41748046875,160.86904907226562,119.46332550048828,476.0627136230469,132.2258758544922,831.4282836914062,631.6199951171875,66.41069793701172,98.08126068115234,164.3723602294922,235.92893981933594,107.32567596435547,58.42863845825195,326.2413635253906,826.2137451171875,76.65353393554688,452.6222839355469,466.2901306152344,45.028419494628906,177.33203125
2024-06-05,122.41947174072266,162.0353240966797,122.01038360595703,494.09759521484375,140.3999481201172,830.5994262695312,650.27001953125,66.89930725097656,98.52884674072266,165.9287567138672,233.38319396972656,107.86280059814453,58.448490142822266,328.1137390136719,833.1138916015625,76.5541763305664,458.9647521972656,462.6504211425781,45.38657760620117,179.68435668945312
2024-06-06,120.97770690917969,160.11143493652344,122.87599182128906,492.8001403808594,139.2255401611328,836.1216430664062,648.52001953125,66.95913696289062,97.69335174560547,166.74163818359375,232.0506591796875,107.60418701171875,59.46084213256836,326.9584655761719,841.4420776367188,76.20642852783203,455.40582275390625,466.0216064453125,45.37662887573242,179.1859893798828
2024-06-07,120.86773681640625,161.40731811523438,125.28376770019531,492.0016784667969,139.75909423828125,848.803955078125,641.469970703125,65.6927490234375,100.31919860839844,168.5359344482422,231.37445068359375,107.53456115722656,59.857845306396484,327.6058044433594,844.3779296875,74.90485382080078,452.2345886230469,467.5232238769531,45.60606002807617,179.23582458496094
2024-06-10,121.76958465576172,162.32440185546875,123.87094116210938,501.6229553222656,143.1203155517578,863.7930297851562,644.5,66.7696762084961,100.12026977539062,168.90274047851562,231.14572143554688,106.51998138427734,60.28462219238281,328.2730712890625,847.1339721679688,76.47469329833984,450.882568359375,464.8680419921875,47.451446533203125,180.10299682617188
2024-06-11,120.899658203125,159.85227966308594,123.25407409667969,506.48345947265625,145.16310119628906,864.6118774414062,648.5499877929688,66.54033660888672,100.7767333984375,167.85194396972656,223.27976989746094,106.35089111328125,58.319461822509766,325.982421875,848.1026000976562,72.27191162109375,441.65716552734375,460.2338562011719,48.08985137939453,177.8204345703125
2024-06-12,125.18928527832031,160.5400848388672,139.67071533203125,507.8507995605469,148.58892822265625,866.0897827148438,650.0599975585938,66.12152099609375,100.66732025146484,167.53469848632812,222.79248046875,106.2016830444336,58.170589447021484,327.39666748046875,846.604736328125,71.79500579833984,446.0611267089844,456.5643310546875,48.73823165893555,173.22540283203125
2024-06-13,129.59890747070312,155.19705200195312,139.1433868408203,503.1200256347656,166.81887817382812,882.0974731445312,653.260009765625,66.51041412353516,100.99555206298828,167.65365600585938,220.95278930664062,104.470947265625,58.0614128112793,325.0362548828125,844.7573852539062,72.7090835571289,443.7249450683594,456.01739501953125,47.53125,174.54112243652344
2024-06-14,131.8687286376953,155.38645935058594,137.4320831298828,503.67950439453125,172.38783264160156,877.2242431640625,669.3800048828125,66.82950592041016,100.3589859008789,167.74288940429688,223.5681610107422,103.67520904541016,57.58501434326172,320.1661071777344,854.4535522460938,72.58985137939453,443.83428955078125,455.7986145019531,46.6534423828125,175.41827392578125
2024-06-17,130.9687957763672,162.71316528320312,140.59600830078125,506.14715576171875,181.71044921875,883.7750854492188,675.8300170898438,67.2283706665039,99.990966796875,168.03036499023438,226.9989471435547,103.91393280029297,57.73388671875,321.0923156738281,866.6761474609375,71.84467315673828,447.53240966796875,456.46490478515625,47.2818717956543,176.8037567138672
2024-06-18,135.5684051513672,164.4476776123047,143.9091796875,499.0139465332031,179.09242248535156,890.2161254882812,685.6699829101562,67.4078598022461,100.22967529296875,169.07127380371094,228.0331573486328,104.21233367919922,58.24006652832031,323.82122802734375,869.5120849609375,69.9867172241211,454.73974609375,457.44940185546875,47.32176971435547,177.0330047607422
2024-06-20,130.76881408691406,164.4775848388672,142.18792724609375,501.22186279296875,172.3401336669922,884.7537231445312,679.030029296875,67.81669616699219,101.11491394042969,172.41204833984375,228.9281463623047,104.51073455810547,58.39886474609375,327.7950439453125,861.2139282226562,71.99371337890625,455.3561096191406,463.7542419433594,47.65094757080078,175.86680603027344
2024-06-21,126.55917358398438,163.72000122070312,140.78504943847656,494.3084411621094,164.79598999023438,882.6466674804688,686.1199951171875,67.71697998046875,101.84099578857422,170.96470642089844,229.09719848632812,105.04786682128906,58.37901306152344,326.51025390625,847.10400390625,72.34146118164062,447.53240966796875,465.00726318359375,47.60107421875,176.15585327148438
2024-06-24,118.09989929199219,160.0316925048828,139.1831817626953,498.43450927734375,158.6990203857422,888.8679809570312,669.02001953125,68.70417022705078,102.43777465820312,173.49258422851562,230.18112182617188,101.41728973388672,59.03406524658203,328.6614990234375,846.9542236328125,73.37476348876953,459.3723449707031,468.8955993652344,47.9901008605957,177.37188720703125
2024-06-25,126.07920837402344,159.22425842285156,138.46682739257812,510.1133728027344,157.56077575683594,903.3477172851562,672.4099731445312,67.2283706665039,101.50282287597656,171.10350036621094,229.30601501464844,101.02936553955078,58.349239349365234,326.0720520019531,854.2937622070312,72.51036834716797,454.6900634765625,465.47467041015625,46.29433822631836,177.0529327392578
2024-06-26,126.38919067382812,160.13137817382812,137.5315704345703,512.6309814453125,158.6781005859375,900.00244140625,677.6900024414062,68.09590148925781,100.9060287475586,170.37982177734375,229.39552307128906,100.72102355957031,58.23013687133789,325.40478515625,855.6218872070312,72.89785766601562,453.1789855957031,464.400634765625,45.65593338012695,175.73721313476562
2024-06-27,123.9793930053711,159.9918212890625,139.47171020507812,519.0648193359375,158.14585876464844,907.7715454101562,684.3400268554688,67.68706512451172,102.61680603027344,169.36866760253906,227.1282196044922,100.08442687988281,59.0936164855957,326.1318054199219,849.4107055664062,73.24560546875,443.33721923828125,464.53985595703125,45.466407775878906,176.84361267089844
2024-06-28,123.52943420410156,158.46665954589844,140.48655700683594,503.73944091796875,160.0266571044922,904.11669921875,674.8800048828125,67.51754760742188,101.6420669555664,171.45045471191406,230.2606964111328,99.85565185546875,59.44099426269531,331.7489318847656,848.7816162109375,70.35433197021484,449.6598205566406,464.5100402832031,46.34421157836914,175.60763549804688
2024-07-01,124.28936767578125,158.46665954589844,142.36700439453125,504.1990051269531,163.54209899902344,913.0941162109375,673.6099853515625,67.2882080078125,100.07054138183594,173.58181762695312,232.5081024169922,99.02012634277344,59.65934371948242,327.7452392578125,844.4677734375,69.45018768310547,460.9331359863281,463.85369873046875,46.563663482666016,178.49822998046875
2024-07-02,122.65950775146484,160.93881225585938,142.55604553222656,509.014404296875,165.2046356201172,905.44482421875,679.5800170898438,67.87652587890625,101.07512664794922,175.7627410888672,234.65606689453125,99.87554931640625,60.04642105102539,326.43060302734375,858.1383056640625,70.01651763916016,462.87164306640625,463.1177978515625,46.83299255371094,179.39529418945312
2024-07-03,128.26902770996094,162.48391723632812,143.65049743652344,509.4739685058594,172.35511779785156,896.8468017578125,682.510009765625,68.04603576660156,101.07512664794922,174.2063446044922,234.39752197265625,100.20378112792969,60.01664733886719,329.2690124511719,861.43359375,71.36776733398438,465.1680908203125,463.4459533691406,46.593589782714844,177.8802490234375
2024-07-05,125.8192367553711,159.9918212890625,144.0982208251953,539.3953857421875,169.77259826660156,913.2938842773438,690.6500244140625,69.84092712402344,100.7767333984375,174.49383544921875,235.01589965820312,99.83575439453125,59.431068420410156,327.0182189941406,884.410888671875,71.62609100341797,462.0167236328125,459.597412109375,46.4040641784668,178.65771484375
2024-07-08,128.18902587890625,163.01222229003906,144.29721069335938,528.8155517578125,174.01365661621094,916.7190551757812,685.739990234375,69.48194885253906,100.55790710449219,176.09979248046875,233.89881896972656,99.56719207763672,59.0936164855957,327.7253112792969,879.5877685546875,71.64596557617188,462.0863037109375,459.19964599609375,46.43398666381836,178.5879364013672
2024-07-09,131.3687744140625,162.61349487304688,139.9691925048828,529.494873046875,172.7627716064453,931.1988525390625,685.739990234375,69.70132446289062,99.15547180175781,174.94984436035156,237.13037109375,100.57181549072266,59.75859451293945,324.73748779296875,885.5891723632812,71.6559066772461,470.0491943359375,457.7477111816406,46.144710540771484,178.46832275390625
2024-07-10,134.89846801757812,165.17535400390625,141.3521728515625,534.180419921875,173.89703369140625,938.4686889648438,677.6500244140625,70.20987701416016,101.1248550415039,176.2980499267578,238.3072967529297,100.14410400390625,60.24492263793945,327.1476745605469,883.0528564453125,72.4308853149414,476.0735778808594,458.45379638671875,46.41403579711914,179.9335479736328
2024-07-11,127.38910675048828,161.68052673339844,142.43971252441406,512.2113647460938,170.03575134277344,932.8365478515625,652.75,69.60160827636719,102.6764907836914,176.76397705078125,238.1277618408203,101.17857360839844,61.00914764404297,329.78692626953125,845.386474609375,74.21929168701172,476.41156005859375,457.8273010253906,47.810550689697266,178.22909545898438
2024-07-12,129.2289581298828,158.7748260498047,144.44520568847656,498.39453125,169.5094757080078,947.07666015625,647.5999755859375,69.04319763183594,103.48214721679688,181.2447967529297,238.00808715820312,100.74091339111328,64.20500946044922,334.22882080078125,841.7017211914062,75.51093292236328,477.0577392578125,461.1587219238281,48.887855529785156,178.95672607421875
2024-07-15,128.42901611328125,159.3240203857422,142.7490234375,495.6871337890625,170.8580322265625,949.1337890625,656.4500122070312,69.41214752197266,102.16922760009766,181.2943572998047,243.3640899658203,101.0791015625,65.21736145019531,344.3675231933594,847.5233764648438,70.5133056640625,489.3351135253906,461.3078918457031,49.1771354675293,181.1595458984375
2024-07-16,126.34918975830078,162.60916137695312,142.29005432128906,489.3232116699219,168.82473754882812,940.2861328125,656.3200073242188,69.79106140136719,102.75605773925781,184.19895935058594,248.9794158935547,103.12813568115234,64.53253173828125,359.1174621582031,849.560546875,71.43731689453125,500.0616455078125,465.9818115234375,49.645965576171875,182.3855438232422
2024-07-17,117.97990417480469,156.42831420898438,138.9475555419922,461.5496826171875,155.46865844726562,904.326416015625,647.4600219726562,70.82810974121094,104.07892608642578,185.82473754882812,249.30856323242188,104.43115997314453,63.609500885009766,356.3487243652344,845.076904296875,70.44375610351562,499.2265625,473.4302978515625,49.77564239501953,182.9636688232422
2024-07-18,121.07963562011719,158.55516052246094,137.72032165527344,475.396484375,159.9937744140625,847.7155151367188,643.0399780273438,70.61870574951172,103.46224975585938,183.61407470703125,248.55052185058594,103.28728485107422,63.00407791137695,354.5859375,838.1766967773438,71.20879364013672,483.3504943847656,473.3606872558594,49.52626419067383,181.69778442382812
2024-07-19,117.91991424560547,158.89466857910156,138.24913024902344,476.3356018066406,156.83416748046875,856.2734985351562,633.3400268554688,70.54890441894531,103.36278533935547,181.66114807128906,241.74830627441406,102.26276397705078,62.220001220703125,346.2200012207031,836.9384765625,71.53667449951172,482.0780334472656,472.28668212890625,48.17962646484375,181.4585723876953
2024-07-22,123.52943420410156,162.519287109375,139.85552978515625,486.9354553222656,160.53199768066406,864.7616577148438,647.5,70.1799545288086,104.40715789794922,182.5533447265625,244.1121368408203,103.2176513671875,63.2599983215332,347.8699951171875,846.2152709960938,72.4308853149414,484.1756286621094,471.95849609375,49.43648910522461,176.86355590820312
2024-07-23,122.57951354980469,171.74562072753906,142.78892517089844,488.2242431640625,163.23312377929688,877.064453125,642.760009765625,70.4491958618164,104.16844940185547,182.5037841796875,246.2565155029297,104.41127014160156,63.630001068115234,344.1700134277344,850.8986206054688,71.64596557617188,489.25555419921875,498.5104675292969,46.26441192626953,175.9864044189453
2024-07-24,114.24022674560547,162.0599822998047,138.4586639404297,460.8303527832031,150.8438720703125,858.68017578125,635.989990234375,70.39933013916016,102.69638061523438,182.4244842529297,240.3619384765625,104.27201843261719,63.900001525878906,336.0400085449219,829.638916015625,74.92473602294922,483.837646484375,512.3433227539062,46.374141693115234,176.31533813476562
2024-07-25,112.27039337158203,164.4264678955078,137.51080322265625,452.9778747558594,148.7706756591797,820.044189453125,634.0900268554688,69.82097625732422,102.83563232421875,190.31546020507812,239.5540313720703,112.86602783203125,64.80999755859375,344.29998779296875,814.7900390625,72.9674072265625,488.8181457519531,518.5089721679688,44.02001953125,174.57102966308594
2024-07-26,113.05032348632812,169.55886840820312,138.6981201171875,465.25616455078125,151.13291931152344,803.4972534179688,631.3699951171875,69.5816650390625,126.47817993164062,190.0874481201172,245.24916076660156,113.34346771240234,65.3499984741211,350.4800109863281,817.5999755859375,73.78213500976562,496.0951232910156,521.8900756835938,44.01004409790039,174.9597625732422
2024-07-29,111.58045196533203,169.6187744140625,137.99969482421875,465.2661437988281,149.7275390625,806.662841796875,626.9600219726562,69.422119140625,124.48890686035156,189.83961486816406,247.2439422607422,113.83086395263672,64.58999633789062,344.5299987792969,815.5599975585938,73.86161041259766,489.8222351074219,524.71435546875,44.03997039794922,176.29539489746094
2024-07-30,103.72113037109375,167.23231506347656,135.36561584472656,462.74853515625,143.0495147705078,789.107421875,622.5800170898438,68.99333953857422,126.07037353515625,189.38360595703125,251.8219757080078,116.25787353515625,65.23999786376953,341.7200012207031,810.030029296875,73.802001953125,502.6960754394531,534.6787719726562,44.11977005004883,174.79031372070312
2024-07-31,117.0099868774414,169.9482879638672,139.1371307373047,474.37744140625,160.1532440185547,803.1477661132812,628.3499755859375,68.44490051269531,126.8660888671875,190.4740753173828,252.38052368164062,116.8646240234375,65.06999969482422,346.20001220703125,822.0,75.89842224121094,506.0362854003906,538.9151611328125,44.20954513549805,181.6878204345703
2024-08-01,109.2006607055664,169.49896240234375,137.2014923095703,497.2655944824219,146.5380401611328,831.2784423828125,624.8499755859375,69.59163665771484,125.79187774658203,188.0155792236328,248.03187561035156,116.11862182617188,64.63999938964844,331.5199890136719,816.8900146484375,77.88555145263672,497.1786804199219,545.816650390625,43.26191329956055,186.4622802734375
2024-08-02,107.26081848144531,160.04295349121094,132.98098754882812,487.6747741699219,143.34852600097656,803.3375244140625,613.6400146484375,68.26541137695312,124.56847381591797,187.48025512695312,231.67462158203125,115.82022094726562,63.119998931884766,320.8699951171875,822.0800170898438,78.69033813476562,467.8721008300781,545.7272338867188,41.0673942565918,188.1467742919922
2024-08-05,100.44140625,158.12579345703125,127.5731430053711,475.276611328125,141.61422729492188,774.1782836914062,598.5499877929688,67.39788818359375,123.94184875488281,181.7206268310547,225.33120727539062,114.55697631835938,61.41999816894531,316.79998779296875,801.8300170898438,76.18655395507812,456.3204040527344,542.3560180664062,39.85043716430664,186.26290893554688
2024-08-06,104.24108123779297,162.03001403808594,127.92236328125,493.61907958984375,143.4481964111328,792.0732421875,609.5700073242188,67.5474624633789,124.22035217285156,185.1803741455078,230.5176544189453,113.79107666015625,62.189998626708984,326.44000244140625,816.8800048828125,76.47469329833984,467.4545593261719,538.5571899414062,40.508792877197266,189.2432098388672
2024-08-07,98.90154266357422,161.89022827148438,125.61754608154297,488.45404052734375,135.82327270507812,771.0626220703125,611.47998046875,66.7198257446289,122.17139434814453,185.1803741455078,228.20370483398438,113.54241180419922,61.70000076293945,325.79998779296875,810.2999877929688,77.0608901977539,470.2281494140625,545.4686279296875,40.5486946105957,189.9708251953125
2024-08-08,104.96102142333984,165.36508178710938,128.67068481445312,509.144287109375,145.26223754882812,844.1304931640625,630.3499755859375,67.46768951416016,124.45906066894531,190.94000244140625,232.93133544921875,114.48735046386719,63.40999984741211,336.1600036621094,839.4299926757812,77.04102325439453,482.9130859375,548.5614013671875,42.62350845336914,192.98101806640625
2024-08-09,104.74104309082031,166.88282775878906,131.7637176513672,517.2765502929688,147.77395629882812,890.435791015625,633.9400024414062,67.7568588256836,123.50421142578125,191.4499969482422,237.23011779785156,115.5317611694336,63.779998779296875,338.260009765625,854.9299926757812,76.96154022216797,487.376708984375,548.5216064453125,43.371639251708984,193.56910705566406
2024-08-12,109.01067352294922,166.6232147216797,132.28256225585938,515.458251953125,148.13278198242188,883.14599609375,633.1400146484375,68.50473022460938,122.69855499267578,189.47999572753906,236.4322052001953,115.97936248779297,63.27000045776367,336.0299987792969,863.5700073242188,77.08076477050781,482.6446838378906,553.822021484375,42.88286209106445,194.31666564941406
2024-08-13,116.13006591796875,167.71160888671875,133.9587860107422,528.0362548828125,155.6480712890625,906.782958984375,648.02001953125,67.93634796142578,124.6778793334961,190.99000549316406,238.3671417236328,116.23798370361328,63.54999923706055,338.79998779296875,864.8200073242188,77.61729431152344,489.04681396484375,556.318115234375,43.212039947509766,194.6954345703125
2024-08-14,118.06990051269531,167.7016143798828,135.29579162597656,526.2579956054688,157.1730499267578,930.3800048828125,661.6799926757812,68.46485137939453,125.49348449707031,192.32000732421875,243.1247100830078,117.0237808227539,64.11000061035156,337.5899963378906,862.7100219726562,77.50800323486328,495.7670593261719,560.0970458984375,43.50131607055664,195.85166931152344
2024-08-15,122.84949493408203,169.6886749267578,136.62278747558594,536.81787109375,165.58538818359375,931.5800170898438,663.219970703125,72.97200012207031,126.47817993164062,193.9499969482422,248.84974670410156,117.72999572753906,64.9800033569336,345.6400146484375,877.3499755859375,76.911865234375,496.08514404296875,557.1832885742188,44.748199462890625,193.99771118164062
2024-08-16,124.56934356689453,169.16943359375,137.16159057617188,526.9172973632812,165.17672729492188,922.1199951171875,674.0700073242188,73.44999694824219,126.3687744140625,193.77999877929688,251.0540008544922,117.94999694824219,65.61000061035156,343.4800109863281,870.5900268554688,78.06439208984375,501.29437255859375,557.0242309570312,45.207054138183594,195.9214324951172
2024-08-19,129.98887634277344,170.6772003173828,137.61056518554688,528.7755737304688,167.16021728515625,921.8099975585938,688.530029296875,73.72000122070312,126.39861297607422,194.72999572753906,253.3878936767578,118.3499984741211,65.73999786376953,344.6499938964844,872.3499755859375,78.83937072753906,501.7118835449219,555.2938842773438,45.64595413208008,196.93812561035156
2024-08-20,127.2391128540039,169.7386016845703,138.85777282714844,526.2279663085938,165.40597534179688,949.969970703125,698.5399780273438,74.54000091552734,127.0152816772461,196.02999877929688,252.42042541503906,117.94999694824219,65.33999633789062,343.29998779296875,876.2000122070312,78.47175598144531,494.4150390625,553.9215087890625,45.86540985107422,195.58255004882812
2024-08-21,128.489013671875,170.94680786132812,139.8854522705078,534.64990234375,165.2365264892578,951.969970703125,697.1199951171875,75.23999786376953,128.53707885742188,197.2100067138672,245.65809631347656,117.26000213623047,65.23999786376953,342.9700012207031,881.4199829101562,79.12751007080078,493.54022216796875,550.6895141601562,46.443965911865234,194.82501220703125
2024-08-22,123.72941589355469,169.42904663085938,137.7702178955078,531.4230346679688,161.80780029296875,954.1699829101562,688.9600219726562,75.58000183105469,127.91046142578125,195.9600067138672,247.11427307128906,118.0199966430664,65.48999786376953,342.3599853515625,877.5599975585938,78.41213989257812,494.8226318359375,553.94140625,46.34421157836914,195.8018341064453
2024-08-23,129.3589324951172,170.96678161621094,138.8777313232422,527.4967651367188,165.81463623046875,952.739990234375,686.72998046875,75.69999694824219,129.85000610351562,196.10000610351562,250.6450653076172,118.5199966430664,66.4000015258789,348.4100036621094,879.2100219726562,79.14738464355469,506.42401123046875,551.9326171875,48.44895553588867,197.93487548828125
2024-08-26,126.44918060302734,170.96678161621094,138.58836364746094,520.6233520507812,159.0967254638672,950.530029296875,688.4400024414062,76.02999877929688,131.85000610351562,197.97999572753906,253.2183380126953,118.69999694824219,67.0,351.1600036621094,892.510009765625,80.1210708618164,504.88311767578125,555.0054321289062,48.62850570678711,199.7788543701172
2024-08-27,128.28903198242188,170.73712158203125,138.1693115234375,518.605224609375,160.8609161376953,954.47998046875,695.719970703125,76.12999725341797,131.39999389648438,198.72999572753906,254.36534118652344,119.48999786376953,67.20999908447266,351.1199951171875,908.9000244140625,79.09770202636719,504.2767028808594,557.3026123046875,49.12725830078125,203.36717224121094
2024-08-28,125.59925842285156,171.61581420898438,137.57066345214844,516.2874755859375,157.66143798828125,948.9400024414062,683.8400268554688,76.08000183105469,131.61000061035156,198.4600067138672,256.4199523925781,120.83999633789062,67.0,348.20001220703125,888.0499877929688,78.89899444580078,500.36981201171875,560.8528442382812,48.927757263183594,200.7556915283203
2024-08-29,117.57994079589844,173.3232879638672,139.10720825195312,517.72607421875,156.41554260253906,940.2000122070312,692.47998046875,76.41999816894531,132.91000366210938,198.89999389648438,259.1628112792969,122.29000091552734,67.25,351.6400146484375,886.6300048828125,79.51499938964844,507.1000061035156,563.7069091796875,49.34671401977539,199.4300079345703
2024-08-30,119.35979461669922,174.36175537109375,140.97300720214844,520.8131713867188,162.28623962402344,960.02001953125,701.3499755859375,77.2300033569336,134.69000244140625,202.1300048828125,257.97589111328125,123.33999633789062,68.22000122070312,356.1000061035156,892.3800048828125,80.51000213623047,510.25,564.9500122070312,49.65593719482422,198.72000122070312
2024-09-03,107.99076080322266,163.96714782714844,139.18702697753906,511.2722473144531,152.2891082763672,956.530029296875,675.3200073242188,77.16999816894531,130.85000610351562,201.27999877929688,253.647216796875,120.98999786376953,67.88999938964844,340.239990234375,878.5700073242188,79.93000030517578,487.4599914550781,567.219970703125,48.28935241699219,200.52999877929688
2024-09-04,106.20091247558594,166.1139678955078,140.43421936035156,512.2512817382812,153.61474609375,946.3099975585938,679.6799926757812,77.23999786376953,132.14999389648438,204.11000061035156,251.08392333984375,121.11000061035156,67.73999786376953,336.75,890.02001953125,81.08000183105469,490.6400146484375,574.780029296875,48.329254150390625,198.8000030517578
2024-09-05,107.2008285522461,163.60768127441406,142.29005432128906,516.3673706054688,152.31903076171875,912.75,683.6199951171875,76.95999908447266,131.39999389648438,202.58999633789062,251.18365478515625,119.63999938964844,68.0,333.55999755859375,885.97998046875,80.33000183105469,487.8800048828125,568.5900268554688,48.03000259399414,197.17999267578125
2024-09-06,102.82120513916016,160.99154663085938,141.49183654785156,499.7931823730469,136.55087280273438,902.7100219726562,665.77001953125,76.63999938964844,128.60000610351562,200.74000549316406,243.42391967773438,118.44000244140625,66.41000366210938,329.3599853515625,876.6799926757812,79.9800033569336,479.6099853515625,566.6300048828125,47.13999938964844,193.0
2024-09-09,106.46089172363281,165.10546875,139.57615661621094,504.30889892578125,140.35836791992188,908.27001953125,675.4199829101562,77.33999633789062,128.4600067138672,203.52999877929688,250.26605224609375,121.16000366210938,67.72000122070312,334.0400085449219,896.489990234375,81.19000244140625,488.57000732421875,576.5700073242188,47.400001525878906,195.3000030517578
2024-09-10,108.09075164794922,166.73304748535156,155.54025268554688,504.30889892578125,147.72413635253906,901.25,673.6199951171875,78.80999755859375,130.08999633789062,205.32000732421875,244.78038024902344,120.30000305175781,67.51000213623047,334.1600036621094,894.2899780273438,82.30000305175781,467.1300048828125,572.1900024414062,44.81999969482422,196.5
2024-09-11,116.9000015258789,166.10398864746094,156.82736206054688,511.3421630859375,157.75115966796875,920.8900146484375,681.469970703125,78.83999633789062,130.22999572753906,209.88999938964844,253.51754760742188,119.26000213623047,68.0999984741211,335.0,900.4000244140625,83.43000030517578,471.1700134277344,566.9600219726562,44.66999816894531,198.5399932861328
2024-09-12,119.13999938964844,169.4490203857422,161.0179443359375,525.0990600585938,164.02052307128906,935.02001953125,686.7999877929688,79.66000366210938,132.02999877929688,211.61000061035156,254.48501586914062,120.0999984741211,69.0199966430664,339.5799865722656,915.030029296875,83.45999908447266,474.05999755859375,568.27001953125,46.119998931884766,202.41000366210938
2024-09-13,119.0999984741211,178.01634216308594,161.66648864746094,524.1199951171875,167.14027404785156,923.7100219726562,697.0599975585938,80.5999984741211,133.17999267578125,214.7899932861328,258.3249816894531,119.12000274658203,68.69999694824219,345.30999755859375,916.0,84.6500015258789,478.989990234375,569.9099731445312,46.29999923706055,202.8300018310547
2024-09-16,116.77999877929688,181.17166137695312,169.94786071777344,533.280029296875,163.4822998046875,923.5399780273438,696.5,80.55999755859375,134.61000061035156,217.16000366210938,260.4095458984375,119.19999694824219,70.52999877929688,347.9599914550781,907.8699951171875,84.63999938964844,485.1600036621094,572.9199829101562,46.869998931884766,205.85000610351562
2024-09-17,115.58999633789062,180.0633087158203,167.0942840576172,536.3200073242188,161.9373779296875,906.1799926757812,706.9099731445312,78.5999984741211,133.57000732421875,214.1300048828125,264.70831298828125,118.7300033569336,70.80999755859375,353.69000244140625,897.27001953125,84.97000122070312,485.3900146484375,567.010009765625,47.52000045776367,202.6999969482422
2024-09-18,113.37000274658203,183.27854919433594,164.16087341308594,537.9500122070312,161.13999938964844,904.969970703125,690.469970703125,79.02999877929688,133.36000061035156,214.94000244140625,261.4967041015625,118.04000091552734,71.04000091552734,355.1199951171875,892.52001953125,84.27999877929688,484.5799865722656,565.489990234375,48.65999984741211,196.67999267578125
2024-09-19,117.87000274658203,185.8846893310547,167.21400451660156,559.0999755859375,167.4199981689453,915.0399780273438,704.3200073242188,78.04000091552734,133.83999633789062,213.88999938964844,268.0495910644531,118.81999969482422,71.72000122070312,373.30999755859375,900.739990234375,82.29000091552734,503.8299865722656,565.1799926757812,48.619998931884766,199.63999938964844
2024-09-20,116.0,187.15280151367188,167.6230926513672,561.3499755859375,171.10000610351562,921.489990234375,701.030029296875,79.05999755859375,134.77000427246094,217.6999969482422,268.2889404296875,118.1500015258789,71.81999969482422,368.82000732421875,906.97998046875,82.76000213623047,498.42999267578125,571.9199829101562,48.880001068115234,199.44000244140625
2024-09-23,116.26000213623047,188.39097595214844,165.5776824951172,564.4099731445312,172.94000244140625,918.52001953125,705.3699951171875,80.33000183105469,135.63999938964844,220.5,266.60333251953125,120.2699966430664,72.13999938964844,371.1700134277344,917.0800170898438,84.81999969482422,497.4100036621094,580.510009765625,48.040000915527344,202.4600067138672
2024-09-24,120.87000274658203,189.3795166015625,165.4280242919922,563.3300170898438,174.83999633789062,924.4299926757812,722.260009765625,80.66999816894531,137.22000122070312,220.97000122070312,265.5162048339844,120.04000091552734,71.81999969482422,385.92999267578125,901.5399780273438,84.29000091552734,498.0199890136719,578.6300048828125,48.06999969482422,201.44000244140625
2024-09-25,123.51000213623047,189.0500030517578,165.90695190429688,568.3099975585938,175.52000427246094,924.5599975585938,721.5599975585938,81.4000015258789,136.60000610351562,221.22999572753906,265.476318359375,120.9000015258789,72.16999816894531,378.25,908.4199829101562,84.62000274658203,491.1400146484375,577.9400024414062,45.72999954223633,203.30999755859375
2024-09-26,124.04000091552734,184.58999633789062,167.72286987304688,567.8400268554688,178.08999633789062,909.3200073242188,711.4299926757812,79.91999816894531,139.44000244140625,223.42999267578125,267.4511413574219,120.31999969482422,71.5,390.9599914550781,901.4400024414062,83.45999908447266,496.9200134277344,577.4000244140625,45.810001373291016,203.25
2024-09-27,121.4000015258789,185.3800048828125,168.36143493652344,567.3599853515625,172.69000244140625,877.7899780273438,707.3499755859375,79.77999877929688,137.3000030517578,220.83999633789062,270.3535461425781,120.38999938964844,71.69999694824219,391.0799865722656,885.6199951171875,84.54000091552734,498.510009765625,582.3599853515625,46.47999954223633,205.17999267578125
2024-09-30,121.44000244140625,188.5800018310547,170.0177001953125,572.4400024414062,172.5,885.9400024414062,709.27001953125,80.75,136.6999969482422,221.0800018310547,270.4931945800781,121.16000366210938,71.86000061035156,391.1199951171875,886.52001953125,84.52999877929688,495.1099853515625,584.5599975585938,44.84000015258789,206.36000061035156
2024-10-01,117.0,186.3000030517578,166.78497314453125,576.469970703125,167.47000122070312,884.47998046875,706.1300048828125,81.2699966430664,137.05999755859375,219.35000610351562,267.89996337890625,124.38999938964844,71.11000061035156,392.3900146484375,877.3800048828125,85.2699966430664,490.1700134277344,605.8599853515625,44.880001068115234,206.10000610351562
2024-10-02,118.8499984741211,186.44000244140625,167.333740234375,572.8099975585938,170.66000366210938,891.0700073242188,711.0900268554688,80.43000030517578,135.42999267578125,219.72999572753906,270.21392822265625,124.04000091552734,70.94999694824219,394.04998779296875,878.530029296875,85.43000030517578,491.989990234375,603.2000122070312,44.81999969482422,208.0800018310547
2024-10-03,122.8499984741211,183.88999938964844,166.4856414794922,582.77001953125,171.88999938964844,885.5499877929688,706.7999877929688,80.43000030517578,134.77999877929688,222.72000122070312,267.8899841308594,123.66999816894531,70.81999969482422,391.0899963378906,875.6699829101562,85.05000305175781,486.1000061035156,605.8200073242188,44.97999954223633,208.02999877929688
2024-10-04,124.91999816894531,187.0800018310547,170.47666931152344,595.9400024414062,176.63999938964844,887.1599731445312,719.7000122070312,80.94000244140625,135.27000427246094,226.0,275.9700012207031,124.91000366210938,71.9800033569336,397.0899963378906,883.1099853515625,83.8499984741211,495.1600036621094,605.1300048828125,45.68000030517578,208.27999877929688
2024-10-07,127.72000122070312,185.9600067138672,169.5886688232422,584.780029296875,175.0800018310547,898.4000244140625,701.9199829101562,79.0999984741211,134.85000610351562,227.1199951171875,273.7900085449219,125.05000305175781,72.44000244140625,398.25,873.5900268554688,80.29000091552734,494.6199951171875,605.5399780273438,45.97999954223633,208.3300018310547
2024-10-08,132.88999938964844,187.47000122070312,173.97879028320312,592.8900146484375,180.72999572753906,913.719970703125,721.760009765625,79.70999908447266,134.69000244140625,228.6199951171875,269.1099853515625,123.5,73.19999694824219,387.9599914550781,890.4199829101562,80.5,496.57000732421875,608.0499877929688,46.0099983215332,211.1699981689453
2024-10-09,132.64999389648438,189.27999877929688,177.88999938964844,590.510009765625,185.9499969482422,919.739990234375,727.4299926757812,80.4000015258789,135.00999450683594,234.3000030517578,271.4200134277344,123.94999694824219,74.0199966430664,396.19000244140625,909.0999755859375,80.58000183105469,505.17999267578125,605.1099853515625,47.93000030517578,212.08999633789062
2024-10-10,134.80999755859375,188.1199951171875,175.41000366210938,583.8300170898438,185.69000244140625,910.6900024414062,730.2899780273438,79.61000061035156,133.4600067138672,233.02000427246094,270.4700012207031,122.94000244140625,74.44999694824219,396.6400146484375,893.6300048828125,80.94000244140625,503.7200012207031,597.489990234375,47.689998626708984,211.4499969482422
2024-10-11,134.8000030517578,191.16000366210938,175.77000427246094,589.9500122070312,181.47999572753906,932.0599975585938,722.7899780273438,80.0999984741211,134.75,233.25999450683594,276.1600036621094,123.93000030517578,74.1500015258789,402.0199890136719,889.030029296875,81.86000061035156,516.2999877929688,604.1699829101562,47.869998931884766,213.0399932861328
