Date,f,spg,cof,xom,nvda,cop,wfc,gm,googl,gs,axp,lly,schw,bac,tgt,ms,intu,met,de,meta
2021-01-04,7.03791618347168,67.46900939941406,90.87477111816406,35.45215606689453,13.081202507019043,34.43267059326172,27.20067596435547,39.579063415527344,86.09332275390625,241.31207275390625,112.16401672363281,158.48953247070312,50.20423126220703,27.38151741027832,162.5939483642578,60.356937408447266,362.6012878417969,40.93046188354492,255.13844299316406,268.1326904296875
2021-01-05,7.145300388336182,67.76231384277344,93.01105499267578,37.160701751708984,13.371735572814941,36.40795135498047,27.96082878112793,40.70262908935547,86.78760528564453,246.7119903564453,112.7626724243164,159.2747802734375,50.213748931884766,27.591230392456055,165.1019744873047,61.381591796875,359.8404541015625,41.436763763427734,261.46826171875,270.1565856933594
2021-01-06,7.30225133895874,69.3103256225586,99.73564147949219,38.10893630981445,12.5834321975708,37.86113739013672,29.939064025878906,41.99229431152344,85.93121337890625,260.0251159667969,116.93412780761719,157.35951232910156,54.62897872924805,29.314546585083008,172.9282684326172,65.08267974853516,352.1631774902344,43.906097412109375,276.7970886230469,262.51959228515625
2021-01-07,7.483981609344482,69.35921478271484,102.84716033935547,38.40793228149414,13.311135292053223,38.896644592285156,30.616790771484375,42.324485778808594,88.49786376953125,265.5798034667969,116.00918579101562,158.80552673339844,56.19905090332031,29.96192741394043,174.9237518310547,66.19566345214844,359.6063232421875,44.039329528808594,285.72943115234375,267.9332580566406
2021-01-08,7.434418678283691,70.46727752685547,102.68927001953125,38.83506774902344,13.244050025939941,38.896644592285156,30.39698600769043,42.07046127319336,89.66946411132812,264.1501770019531,116.12361907958984,159.36094665527344,56.122920989990234,29.66103172302246,177.21209716796875,66.46947479248047,365.8792419433594,43.88832473754883,280.1813049316406,266.7668151855469
2021-01-11,7.68223237991333,67.73788452148438,101.52825164794922,40.01395797729492,13.587953567504883,39.47096633911133,30.442781448364258,43.975643157958984,87.59759521484375,267.5650329589844,115.4370346069336,178.06370544433594,57.33140563964844,30.15340232849121,178.74989318847656,67.18494415283203,363.807861328125,43.87944030761719,281.1440734863281,256.0690002441406
2021-01-12,8.078734397888184,69.6036605834961,102.87503051757812,40.90239334106445,13.4515380859375,41.26350021362305,31.0838680267334,46.721073150634766,86.65692138671875,275.1959228515625,115.97103881835938,171.22613525390625,58.23539352416992,30.691373825073242,182.24655151367188,66.9552993774414,357.29071044921875,44.59004211425781,287.97918701171875,250.33627319335938
2021-01-13,8.078734397888184,72.40637969970703,104.10106658935547,41.363704681396484,13.49842357635498,40.92415237426758,30.955652236938477,47.61015701293945,87.14671325683594,275.8606262207031,116.71480560302734,177.642333984375,56.62725830078125,30.509008407592773,180.1595458984375,66.74330139160156,356.596923828125,44.70551681518555,287.14984130859375,250.88461303710938
2021-01-14,8.40089225769043,77.36001586914062,106.25589752197266,42.978275299072266,13.167740821838379,41.65509033203125,31.825712203979492,50.34580993652344,86.33222198486328,280.3499450683594,118.03069305419922,178.7819366455078,56.455970764160156,30.992267608642578,181.24880981445312,67.547119140625,357.1343994140625,45.806949615478516,288.70367431640625,244.9026336669922
2021-01-15,8.120036125183105,75.77124786376953,104.51900482177734,40.91093826293945,12.827827453613281,39.262115478515625,29.343759536743164,48.82167053222656,86.16763305664062,274.10321044921875,116.47642517089844,182.68905639648438,55.90407943725586,30.098691940307617,178.31051635742188,66.46064758300781,362.50830078125,45.42499923706055,281.6016845703125,250.60545349121094
2021-01-19,8.276985168457031,75.50238037109375,104.82551574707031,41.722496032714844,12.993170738220215,40.02786636352539,29.88410758972168,53.57974624633789,89.00311279296875,267.9019775390625,120.86274719238281,190.07249450683594,56.36082077026367,29.879865646362305,172.2325897216797,66.23979949951172,376.1289367675781,46.295475006103516,281.2108459472656,260.3162536621094
2021-01-20,8.970863342285156,77.63703155517578,103.45088195800781,42.311946868896484,13.332832336425781,39.47096633911133,29.72841453552246,54.57631301879883,93.77130889892578,264.5053405761719,122.9510498046875,192.73472595214844,55.77084732055664,29.48778533935547,172.36074829101562,66.1073226928711,380.53546142578125,45.87800598144531,286.8829345703125,266.67706298828125
2021-01-21,9.524316787719727,77.00151824951172,100.81304931640625,41.098876953125,13.83334732055664,37.58269500732422,29.307125091552734,53.81423568725586,93.97480010986328,263.5036315917969,121.51116943359375,193.77854919433594,55.85649108886719,28.968055725097656,175.07936096191406,65.98365783691406,373.0021667480469,45.362823486328125,291.22991943359375,272.0508728027344
2021-01-22,9.5160551071167,77.79997253417969,97.84087371826172,40.51797103881836,13.678728103637695,37.147605895996094,29.215538024902344,54.12687683105469,94.3942642211914,263.52178955078125,120.28108215332031,197.40798950195312,55.571022033691406,28.7674617767334,175.66517639160156,65.48016357421875,366.2602844238281,45.17628860473633,290.91534423828125,273.6759948730469
2021-01-25,9.32606315612793,79.42130279541016,95.23091125488281,40.065216064453125,13.619624137878418,37.05188751220703,29.526933670043945,52.16307067871094,94.48004913330078,257.7395324707031,115.52288055419922,203.35498046875,54.31496810913086,28.4118595123291,174.05416870117188,63.934364318847656,365.8499450683594,44.954227447509766,284.27093505859375,277.17547607421875
2021-01-26,9.243457794189453,80.70046997070312,92.81600189208984,39.18531036376953,13.402162551879883,36.26873016357422,28.739301681518555,50.844093322753906,95.161865234375,256.5738220214844,110.75511169433594,203.70932006835938,53.48711013793945,28.211257934570312,171.81153869628906,62.9008903503418,366.2114562988281,44.510108947753906,282.1831970214844,281.20330810546875
2021-01-27,8.913042068481445,78.7369384765625,95.37952423095703,38.7410888671875,12.885933876037598,35.37245178222656,27.631126403808594,48.206146240234375,90.72235870361328,248.89743041992188,108.79077911376953,198.77745056152344,50.708560943603516,27.199153900146484,163.18893432617188,60.436439514160156,354.789306640625,43.00007629394531,267.61700439453125,271.3230895996094
2021-01-28,8.855217933654785,79.44576263427734,99.23409271240234,39.34762954711914,13.01885986328125,35.77272415161133,28.21727180480957,49.8670768737793,92.4311294555664,250.43643188476562,113.44412231445312,201.21942138671875,51.13676834106445,27.645938873291016,168.04026794433594,61.54625701904297,361.47259521484375,44.030452728271484,279.2756652832031,264.2044982910156
2021-01-29,8.698269844055176,75.71422576904297,96.83775329589844,38.305419921875,12.957756996154785,34.83294677734375,27.365524291992188,49.515350341796875,91.1423110961914,246.93051147460938,110.86000061035156,199.1604766845703,49.043331146240234,27.035030364990234,165.8342742919922,59.530826568603516,352.952392578125,42.769134521484375,275.3100280761719,257.5545349121094
2021-02-01,8.946083068847656,75.7223892211914,95.53742218017578,38.373756408691406,13.204401969909668,35.42466354370117,27.46627426147461,50.326271057128906,94.4197006225586,250.17230224609375,111.59424591064453,194.5351104736328,50.7846794128418,27.31768798828125,168.0311737060547,60.08129119873047,365.0194091796875,43.053375244140625,278.5606994628906,261.2234802246094
2021-02-02,8.970863342285156,75.331298828125,98.49104309082031,38.98029327392578,13.523361206054688,35.65091323852539,28.162315368652344,51.50846481323242,95.71898651123047,261.3181457519531,115.09375762939453,189.19146728515625,51.898014068603516,28.29332160949707,169.88011169433594,62.99346923828125,375.30810546875,43.461971282958984,288.408203125,266.27825927734375
2021-02-03,9.25171947479248,76.08087158203125,99.57774353027344,40.50943374633789,13.497176170349121,37.6000862121582,29.032371520996094,53.00330352783203,102.6897201538086,262.75689697265625,114.84584045410156,188.61688232421875,50.87032699584961,28.794811248779297,169.4407501220703,62.682701110839844,371.4388732910156,43.85279846191406,287.0736083984375,265.84954833984375
2021-02-04,9.392148971557617,77.5311050415039,104.63976287841797,41.28681945800781,13.630598068237305,38.296234130859375,30.006244659423828,52.88606262207031,102.4278793334961,267.4920959472656,119.09868621826172,193.07948303222656,52.52603530883789,29.63367462158203,172.6261749267578,64.18318939208984,383.7305908203125,46.53364181518555,294.8238220214844,265.69000244140625
2021-02-05,9.507795333862305,78.82655334472656,106.3302001953125,42.67072677612305,13.557525634765625,38.65300750732422,29.914371490478516,53.15962219238281,104.18352508544922,267.26446533203125,120.41459655761719,193.22312927246094,53.03988265991211,29.515140533447266,172.8733367919922,65.00889587402344,380.4573059082031,47.14332962036133,294.7951965332031,267.29522705078125
2021-02-08,9.54909610748291,80.61083984375,107.74198913574219,44.507408142089844,14.403189659118652,40.70659637451172,30.686115264892578,55.5728759765625,103.96855163574219,273.32000732421875,122.04515838623047,197.05368041992188,53.14455032348633,30.171640396118164,177.53244018554688,65.9056396484375,380.80908203125,48.57788848876953,302.2308654785156,265.7797546386719
2021-02-09,9.854734420776367,83.55207824707031,107.67696380615234,43.986148834228516,14.228120803833008,40.79362869262695,30.55748748779297,54.77171325683594,103.51318359375,273.6023254394531,120.79601287841797,193.1656951904297,53.54420471191406,30.043989181518555,177.84368896484375,65.91450500488281,382.57763671875,48.79307556152344,300.6007080078125,268.64117431640625
2021-02-10,9.714306831359863,86.54219818115234,109.24665069580078,44.411842346191406,14.727888107299805,41.1155891418457,30.502370834350586,53.61882400512695,104.0663070678711,277.080810546875,122.27400970458984,195.7321319580078,53.00181579589844,30.071338653564453,176.15029907226562,65.99443054199219,388.1861267089844,49.27723693847656,298.98974609375,271.0538635253906
2021-02-11,9.458230972290039,89.02716064453125,108.81941986083984,43.29981231689453,15.213189125061035,40.78187561035156,30.06136703491211,52.27054214477539,104.17953491210938,275.2960510253906,122.35028839111328,194.8089599609375,53.393218994140625,29.980165481567383,174.29212951660156,65.45284271240234,399.45184326171875,49.59104919433594,299.7713317871094,269.5783386230469
2021-02-12,9.458230972290039,89.01901245117188,109.36741638183594,43.89058303833008,14.924403190612793,41.414154052734375,30.8055477142334,52.368247985839844,104.49275970458984,278.9385070800781,123.59947967529297,199.33828735351562,55.55070877075195,30.42694091796875,175.22576904296875,66.24301147460938,404.50341796875,49.91382598876953,298.37957763671875,269.68798828125
2021-02-16,9.532574653625488,89.60563659667969,111.65074157714844,45.211124420166016,15.292495727539062,42.89825439453125,31.963171005249023,52.23146057128906,105.27433013916016,284.0743408203125,124.6102066040039,197.8669891357422,58.18553161621094,31.247573852539062,175.0787811279297,67.52153778076172,412.58392333984375,50.218666076660156,302.278564453125,273.1475830078125
2021-02-17,9.483012199401855,88.17982482910156,110.82129669189453,45.91482162475586,14.869290351867676,43.346126556396484,33.61691665649414,51.674556732177734,105.66934204101562,284.78466796875,122.58868408203125,198.54014587402344,58.519649505615234,31.375219345092773,177.8438262939453,66.98881530761719,406.2817077636719,49.68070983886719,297.5025329589844,272.748779296875
2021-02-18,9.44171142578125,86.7865982055664,109.05984497070312,45.19374084472656,14.792478561401367,41.87958526611328,33.956851959228516,50.961334228515625,105.03042602539062,282.1985168457031,122.5219497680664,193.4049835205078,59.12108612060547,31.174631118774414,175.83206176757812,66.43834686279297,405.87139892578125,49.30413818359375,286.22515869140625,268.58135986328125
2021-02-19,9.565616607666016,89.15750885009766,111.42707061767578,45.49781036376953,14.889738082885742,42.5206413269043,34.756168365478516,51.361915588378906,104.18252563476562,287.4072265625,125.59237670898438,193.21263122558594,59.10198211669922,31.493762969970703,173.45286560058594,67.47714233398438,401.9239196777344,50.272464752197266,314.5855407714844,260.77484130859375
2021-02-22,9.664743423461914,91.8787612915039,114.24165344238281,47.17455291748047,14.320395469665527,44.68092346191406,34.23247528076172,50.78547286987305,102.45928955078125,288.5455017089844,129.6354217529297,192.98187255859375,60.09482192993164,32.049964904785156,173.60903930664062,68.72015380859375,392.34844970703125,51.50081253051758,321.7447204589844,259.54852294921875
2021-02-23,9.598660469055176,93.79340362548828,114.20436096191406,47.82613754272461,14.107170104980469,45.752281188964844,34.122222900390625,49.935462951660156,102.7515640258789,290.6763000488281,130.57948303222656,194.7128143310547,59.827518463134766,32.3873291015625,171.1930694580078,68.80892944335938,389.94488525390625,51.491844177246094,321.6494140625,265.0618896484375
2021-02-24,10.135588645935059,96.95462036132812,116.01240539550781,49.25961685180664,14.46329116821289,48.009159088134766,35.17878341674805,51.68433380126953,103.93314361572266,301.0846252441406,133.39242553710938,196.674560546875,61.517242431640625,33.171478271484375,171.8544921875,70.92202758789062,403.7119445800781,53.401607513427734,329.51397705078125,263.5165710449219
2021-02-25,9.714306831359863,93.54898071289062,111.12883758544922,48.442962646484375,13.274725914001465,46.568973541259766,34.50810241699219,49.43718338012695,100.54852294921875,298.4620361328125,130.7129669189453,196.00143432617188,60.23801040649414,32.761173248291016,170.01722717285156,69.6346435546875,379.0894470214844,52.23602294921875,331.7733154296875,253.9254608154297
2021-02-26,9.664743423461914,92.00098419189453,112.01421356201172,47.23536682128906,13.680723190307617,45.673240661621094,33.231048583984375,50.15040588378906,100.84578704833984,290.92218017578125,128.9774932861328,197.0303497314453,58.92061233520508,31.648765563964844,168.51071166992188,68.24959564208984,381.1999206542969,51.64426803588867,332.8123474121094,256.8466491699219
2021-03-01,9.896036148071289,92.81571960449219,115.49981689453125,48.99898147583008,13.807660102844238,46.20014190673828,34.0762939453125,51.33260726928711,103.22738647460938,301.60906982421875,132.26727294921875,198.54974365234375,61.19265365600586,32.63351821899414,170.94505310058594,70.28279113769531,397.0971374511719,53.29400634765625,342.71710205078125,264.1147766113281
2021-03-02,10.366884231567383,90.99069213867188,115.0617904663086,48.71229553222656,13.37322998046875,45.91035842895508,34.122222900390625,52.86652374267578,102.96902465820312,302.54150390625,132.78216552734375,196.30911254882812,60.90626907348633,32.39645004272461,159.37049865722656,71.72997283935547,392.5438537597656,52.863643646240234,335.0240783691406,258.2225036621094
2021-03-03,10.052986145019531,92.87275695800781,116.87914276123047,49.103240966796875,12.773214340209961,47.12221908569336,34.62753677368164,51.459617614746094,100.32209014892578,305.7319641113281,135.967041015625,194.25123596191406,62.01365280151367,33.20795822143555,159.48072814941406,72.85753631591797,379.802734375,53.29400634765625,327.03546142578125,254.643310546875
2021-03-04,9.854734420776367,89.71154022216797,117.37308502197266,51.005863189697266,12.339784622192383,48.843421936035156,34.140602111816406,50.638919830322266,101.4453125,301.03314208984375,136.0528106689453,192.8472442626953,61.832271575927734,33.446197509765625,155.99916076660156,72.01408386230469,367.70635986328125,52.56776809692383,322.1641540527344,256.86663818359375
2021-03-05,10.135588645935059,90.57515716552734,119.01335906982422,52.934547424316406,12.43080997467041,51.232017517089844,34.388668060302734,52.51479721069336,104.5945053100586,299.2778625488281,140.4868927001953,198.9824981689453,62.07093048095703,33.84022903442383,158.56207275390625,71.8010025024414,373.4516906738281,53.53609848022461,333.48919677734375,263.4866638183594
2021-03-08,10.449487686157227,91.00697326660156,119.93601989746094,52.882415771484375,11.564697265625,51.618408203125,35.52790451049805,53.71653366088867,100.12706756591797,305.51263427734375,143.2903289794922,199.08828735351562,61.536338806152344,34.02349090576172,162.4754180908203,72.00521850585938,361.931884765625,54.12784957885742,337.1784973144531,254.54359436035156
2021-03-09,10.383403778076172,90.43667602539062,117.70860290527344,52.065765380859375,12.49372673034668,50.84563064575195,35.03178405761719,53.39411544799805,101.76600646972656,302.2215270996094,138.36048889160156,198.20359802246094,60.85853576660156,33.28125762939453,164.597412109375,71.78324890136719,375.7673034667969,53.4822998046875,336.21563720703125,264.9422912597656
2021-03-10,10.664259910583496,93.13346862792969,120.71887969970703,53.66431427001953,12.441837310791016,52.18042755126953,36.36396408081055,55.52402114868164,101.55802917480469,312.6706848144531,139.93382263183594,197.56886291503906,62.08047866821289,34.24341583251953,164.0462646484375,73.77206420898438,374.0476379394531,54.22649002075195,344.3472595214844,264.1048278808594
2021-03-11,10.58165454864502,94.38003540039062,123.11406707763672,53.26468276977539,12.965973854064941,52.540489196777344,35.720848083496094,55.0355110168457,104.767578125,312.743896484375,140.88735961914062,197.33810424804688,63.39789581298828,34.124290466308594,164.72604370117188,73.91410827636719,390.02301025390625,53.805084228515625,347.435791015625,273.057861328125
2021-03-12,11.044239044189453,96.01764678955078,123.53343963623047,53.83806610107422,12.828763961791992,51.978458404541016,36.72227096557617,57.89817428588867,102.24681854248047,318.8780212402344,141.6406707763672,200.09799194335938,64.58164978027344,34.765724182128906,165.35983276367188,74.8818588256836,386.8768310546875,54.77340316772461,352.2309265136719,267.59429931640625
2021-03-15,10.903813362121582,98.59226989746094,123.5800552368164,52.465396881103516,13.163305282592773,51.07394790649414,36.474220275878906,56.60850524902344,102.46827697753906,316.3548889160156,140.1626739501953,181.9037628173828,63.33107376098633,34.59162521362305,166.3611602783203,74.4556884765625,387.7463684082031,54.280277252197266,356.8829650878906,272.9282531738281
2021-03-16,10.3173189163208,95.47994232177734,119.7496337890625,51.35336685180664,13.263093948364258,49.68645477294922,36.152652740478516,55.807350158691406,103.93714141845703,312.38726806640625,136.64405822753906,183.5770263671875,62.500518798828125,34.49081802368164,165.54359436035156,73.28372955322266,386.3590087890625,53.17746353149414,356.0726318359375,278.441650390625
2021-03-17,10.482529640197754,96.33541107177734,122.69465637207031,51.579254150390625,13.312987327575684,49.90599822998047,36.602840423583984,58.670021057128906,103.85383605957031,315.34930419921875,137.9599151611328,179.5669708251953,62.720088958740234,34.77488327026367,163.88087463378906,74.4556884765625,382.7437744140625,53.93060302734375,361.5445861816406,283.157470703125
2021-03-18,10.3173189163208,95.178466796875,119.58186340332031,49.35517883300781,12.695547103881836,46.87633514404297,37.49402618408203,57.90794372558594,100.8173599243164,318.1376037597656,135.95748901367188,176.87437438964844,63.07329559326172,35.68205642700195,164.99244689941406,74.52672576904297,365.4005126953125,55.37412643432617,362.640869140625,277.7836608886719
2021-03-19,10.598176956176758,95.07254791259766,117.82974243164062,49.07717514038086,12.818535804748535,46.19135665893555,36.40990447998047,58.44530487060547,101.09766387939453,314.6637268066406,134.17434692382812,177.22056579589844,63.0542106628418,35.306358337402344,172.28623962402344,73.63887786865234,372.54296875,54.95273208618164,355.081298828125,289.2391357421875
2021-03-22,10.61469841003418,93.89933776855469,116.70206451416016,48.57328414916992,13.158312797546387,45.87522506713867,35.803531646728516,56.764835357666016,101.28370666503906,310.21160888671875,133.44964599609375,178.71112060546875,61.832271575927734,34.50914764404297,172.73634338378906,72.73324584960938,374.2430725097656,53.89474105834961,354.23284912109375,292.65887451171875
2021-03-23,10.086027145385742,89.95596313476562,114.08321380615234,47.97382736206055,13.043058395385742,45.40980529785156,35.13283920288086,54.86941146850586,101.81439208984375,303.30029296875,129.75941467285156,176.6339874267578,60.48622131347656,33.8127326965332,173.5447235107422,70.24726104736328,374.4190368652344,52.59466552734375,340.7914123535156,289.757568359375
2021-03-24,10.028203964233398,89.1330795288086,115.48117065429688,48.94685363769531,12.616214752197266,46.72705078125,35.0225944519043,54.527462005615234,101.37548065185547,300.4479675292969,131.99073791503906,173.25863647460938,61.211753845214844,33.8127326965332,172.95681762695312,70.43372344970703,368.6444091796875,52.48707962036133,344.0517272949219,281.2930603027344
2021-03-25,10.176891326904297,92.58758544921875,119.17180633544922,48.80784606933594,12.508692741394043,47.043182373046875,36.10671615600586,55.2993049621582,101.37199401855469,302.1849365234375,135.67141723632812,176.06658935546875,62.175926208496094,34.50914764404297,177.01707458496094,71.14400482177734,363.856689453125,53.83197021484375,349.6665954589844,277.90325927734375
2021-03-26,10.160370826721191,93.42677307128906,120.7748031616211,50.137081146240234,12.812047958374023,48.33408737182617,36.52933883666992,55.22114181518555,100.9864501953125,299.2961730957031,137.0540771484375,178.2014617919922,62.729644775390625,35.44380569458008,184.5956573486328,71.01081085205078,367.9505920410156,54.53132629394531,354.900146484375,282.17041015625
2021-03-29,10.03646469116211,92.7260971069336,117.88566589355469,49.86776351928711,12.920820236206055,47.2802848815918,35.316593170166016,54.65446853637695,102.0368423461914,297.778564453125,135.7572479248047,179.19192504882812,61.20219802856445,35.104759216308594,182.07867431640625,69.14630889892578,366.03558349609375,53.93956756591797,350.78192138671875,289.947021484375
2021-03-30,10.2925386428833,94.01339721679688,119.81484985351562,49.25093078613281,12.844481468200684,46.92023849487305,36.18940353393555,57.1654052734375,102.07075500488281,303.5196533203125,136.82521057128906,178.38417053222656,61.822723388671875,35.727874755859375,183.4014434814453,70.2206039428711,365.0975646972656,55.08721923828125,357.3279113769531,287.1354675292969
2021-03-31,10.119070053100586,92.69351196289062,118.57533264160156,48.503780364990234,13.319971084594727,46.51628112792969,35.895408630371094,56.1395378112793,102.87126922607422,298.9395751953125,135.27581787109375,179.653564453125,62.22367477416992,35.45297622680664,181.95005798339844,68.95098114013672,374.2821350097656,54.50442886352539,357.5382385253906,293.6458740234375
2021-04-01,10.052986145019531,93.85858917236328,120.95186614990234,49.859073638916016,13.782489776611328,47.4383544921875,36.40990447998047,56.47172927856445,106.22595977783203,299.5246887207031,138.26943969726562,178.1341552734375,63.426513671875,36.186038970947266,184.3843536376953,69.44818878173828,386.1733093261719,55.23067855834961,355.6078186035156,297.7634582519531
2021-04-05,10.490790367126465,93.73638916015625,123.5800552368164,49.08586502075195,13.957867622375488,45.848876953125,36.2720832824707,59.637271881103516,110.6739501953125,295.7765197753906,139.6945037841797,177.79754638671875,65.05897521972656,36.47011184692383,188.63758850097656,69.25286102294922,392.9249572753906,55.21274948120117,358.17840576171875,307.98272705078125
2021-04-06,10.672517776489258,94.90960693359375,123.04882049560547,48.94685363769531,13.832133293151855,46.173805236816406,36.61202621459961,60.51658248901367,110.19014739990234,298.9944152832031,139.78053283691406,175.7877655029297,64.24752807617188,36.36930847167969,188.7110595703125,70.2206039428711,392.0065002441406,54.92582702636719,358.9429016113281,305.3406677246094
2021-04-07,10.515571594238281,95.33328247070312,123.92489624023438,49.1640510559082,14.113536834716797,45.99817657470703,36.74065399169922,59.43209457397461,111.67498016357422,298.5281982421875,140.7178497314453,175.32615661621094,64.00885772705078,36.69918441772461,187.81082153320312,70.17623138427734,391.85992431640625,55.392059326171875,358.15936279296875,312.150146484375
2021-04-08,10.333840370178223,94.19629669189453,123.7011947631836,48.6514778137207,14.286670684814453,44.997074127197266,36.77739715576172,58.7091064453125,112.24356842041016,302.7243347167969,140.63177490234375,175.6050262451172,63.80838394165039,36.37846755981445,186.9014129638672,71.20613861083984,401.89459228515625,54.970664978027344,357.4713134765625,312.0803527832031
2021-04-09,10.333840370178223,95.49806213378906,125.04324340820312,48.538536071777344,14.369494438171387,44.98828887939453,37.209205627441406,58.77749252319336,113.25306701660156,302.4226989746094,141.33953857421875,177.4129180908203,64.50525665283203,36.644203186035156,188.646728515625,71.66783142089844,408.6265869140625,55.517581939697266,360.2713317871094,311.52203369140625
2021-04-12,10.226454734802246,94.53409576416016,125.1084976196289,48.21708679199219,15.176780700683594,44.663360595703125,37.457279205322266,58.28898239135742,111.95378875732422,303.3642578125,141.138671875,174.84532165527344,64.63893127441406,36.70835876464844,188.40792846679688,71.18838500976562,406.9827575683594,56.18107604980469,361.47540283203125,310.60479736328125
2021-04-13,10.077766418457031,93.41358947753906,123.64527893066406,48.39952850341797,15.646283149719238,44.601890563964844,36.55690002441406,57.1458740234375,112.44306945800781,299.5613098144531,139.62753295898438,175.52809143066406,63.57926559448242,36.0302619934082,188.2609405517578,70.61128234863281,409.92791748046875,55.6341438293457,361.86724853515625,308.83013916015625
2021-04-14,10.110808372497559,93.7266845703125,126.53439331054688,49.798255920410156,15.244636535644531,46.27040100097656,38.57814407348633,57.1360969543457,111.81861877441406,306.5730895996094,140.99520874023438,175.98008728027344,64.38117980957031,36.543399810791016,188.96829223632812,71.72997283935547,402.442626953125,56.243839263916016,364.5716247558594,301.9110107421875
2021-04-15,10.110808372497559,94.39403533935547,125.69563293457031,49.50286865234375,16.10306739807129,45.57665252685547,38.80782699584961,57.26311111450195,113.98026275634766,309.4984436035156,142.0568389892578,178.7880401611328,62.52916717529297,35.4987907409668,189.01417541503906,71.7566146850586,408.57763671875,55.85829544067383,365.1832580566406,306.8959655761719
2021-04-16,10.102547645568848,96.4949722290039,127.38249969482422,49.2248649597168,15.878789901733398,44.86534118652344,40.27782440185547,57.360809326171875,113.85557556152344,312.93585205078125,143.45321655273438,181.99032592773438,61.80363464355469,35.874488830566406,191.5771484375,69.77669525146484,406.87506103515625,56.548683166503906,366.0718994140625,305.2608947753906
2021-04-19,10.003421783447266,96.03358459472656,126.19890594482422,49.0684814453125,15.329205513000488,44.689697265625,40.314579010009766,56.54988479614258,114.20520782470703,313.6488342285156,142.06640625,182.36537170410156,62.89192199707031,35.892818450927734,191.66896057128906,71.05519104003906,393.6361389160156,56.57557678222656,363.82623291015625,301.33270263671875
2021-04-20,9.458230972290039,94.13863372802734,122.55487060546875,48.034645080566406,15.13910961151123,42.72262191772461,39.08346176147461,54.48837661743164,113.66903686523438,303.4008483886719,138.7763671875,183.2981719970703,60.80125045776367,34.894004821777344,190.4013214111328,68.62248229980469,396.6498718261719,54.8361701965332,353.83990478515625,301.7414855957031
2021-04-21,9.68952465057373,96.9151611328125,123.86894226074219,48.6514778137207,15.327958106994629,43.94326400756836,39.72657775878906,56.16884994506836,113.63612365722656,306.4998779296875,140.7657012939453,183.6251220703125,62.43368911743164,35.48046112060547,189.94200134277344,70.3626937866211,400.1528625488281,56.1721076965332,358.93341064453125,300.5650329589844
2021-04-22,9.862993240356445,95.28385925292969,123.95281219482422,48.01727294921875,14.8187894821167,43.433937072753906,39.23044967651367,55.35792541503906,112.3478012084961,302.4591979980469,140.74656677246094,179.8747100830078,61.86090850830078,35.15058135986328,188.83966064453125,69.51033020019531,398.02960205078125,55.499656677246094,352.01470947265625,295.6299133300781
2021-04-23,10.094286918640137,96.33019256591797,126.45053100585938,48.27790832519531,15.232911109924316,43.662254333496094,40.29619598388672,56.20792770385742,114.71245574951172,310.2298583984375,138.03985595703125,181.48065185546875,64.09478759765625,35.901981353759766,189.24386596679688,71.87203216552734,405.9944763183594,56.29762649536133,359.5736999511719,300.22607421875
2021-04-26,10.135588645935059,99.00788116455078,128.8829803466797,48.37346649169922,15.445210456848145,44.1276741027832,40.553443908691406,56.87229919433594,115.21121978759766,314.0420227050781,143.7879638671875,180.03822326660156,64.69620513916016,36.112735748291016,187.0575408935547,72.37811279296875,409.2920837402344,56.29762649536133,363.5682678222656,302.13031005859375
2021-04-27,10.3173189163208,100.81219482421875,129.4980926513672,49.0076789855957,15.349162101745605,45.049747467041016,41.42625427246094,57.614837646484375,114.26605987548828,316.8851623535156,143.8070831298828,175.2203826904297,66.48138427734375,36.543399810791016,187.7281494140625,72.76876831054688,407.16864013671875,56.808692932128906,365.3934326171875,302.6587219238281
2021-04-28,10.267757415771484,101.42188262939453,134.54005432128906,50.48460006713867,15.24438762664795,46.5777587890625,41.41707229614258,57.204490661621094,117.66065216064453,318.2381286621094,145.89205932617188,173.62405395507812,66.69141387939453,36.68086242675781,187.8199920654297,73.45242309570312,406.85546875,57.14043426513672,362.94708251953125,306.1781311035156
2021-04-29,9.301283836364746,101.61141204833984,139.0787811279297,51.20567321777344,15.292284965515137,46.65678405761719,42.48281478881836,55.26999282836914,119.34248352050781,322.6809997558594,147.8909912109375,175.21078491210938,68.4574966430664,37.67050552368164,190.50238037109375,74.57588195800781,407.197998046875,57.76805877685547,359.6883850097656,328.5208740234375
2021-04-30,9.532574653625488,100.30139923095703,138.9390106201172,49.728759765625,14.977703094482422,44.909244537353516,41.38951110839844,55.90505599975586,117.38433837890625,318.5489501953125,146.666748046875,175.75889587402344,67.2069091796875,37.1390266418457,190.39208984375,73.60399627685547,403.2938537597656,57.050777435302734,354.3941650390625,324.10418701171875
2021-05-03,9.60692024230957,101.5042724609375,139.7218780517578,51.10142135620117,14.805318832397461,46.31430435180664,41.784568786621094,55.83666229248047,116.8646240234375,320.1121826171875,148.05360412597656,178.7880401611328,67.72241973876953,37.16652297973633,194.08494567871094,73.52374267578125,402.4914855957031,57.579769134521484,357.1846008300781,321.6116638183594
2021-05-04,9.425189018249512,99.98831176757812,141.6790313720703,51.42287063598633,14.320846557617188,46.165008544921875,42.0234489440918,54.06825637817383,115.05660247802734,319.8196716308594,147.79534912109375,180.98060607910156,66.91098022460938,37.569705963134766,194.38809204101562,73.68424224853516,389.0666198730469,57.66046905517578,362.73681640625,317.404296875
2021-05-05,9.590399742126465,99.62578582763672,143.15155029296875,52.96929168701172,14.427868843078613,48.68534851074219,42.207191467285156,56.25678253173828,115.45262145996094,326.9320983886719,149.57427978515625,185.4137420654297,67.76060485839844,37.92707061767578,195.12301635742188,75.3515853881836,383.6066589355469,58.64673614501953,362.04876708984375,314.0743713378906
2021-05-06,9.697784423828125,101.27357482910156,145.79833984375,53.473182678222656,14.492232322692871,48.91366195678711,42.9345817565918,57.370582580566406,116.5788345336914,334.56549072265625,150.04293823242188,186.45233154296875,68.276123046875,38.495208740234375,195.66497802734375,77.42018127441406,385.59295654296875,60.027488708496094,372.6084289550781,319.0593566894531
2021-05-07,9.763867378234863,102.93785858154297,146.9819793701172,54.237709045410156,14.780869483947754,50.143096923828125,42.85171890258789,57.63438415527344,117.3060302734375,339.0633544921875,152.0514373779297,187.92364501953125,68.49568939208984,38.650978088378906,197.23582458496094,78.19589233398438,392.41302490234375,60.21578598022461,376.7271728515625,318.1221618652344
2021-05-10,9.673005104064941,104.42913055419922,146.67440795898438,54.36802673339844,14.235526084899902,50.05527877807617,42.906951904296875,56.09069061279297,114.3044662475586,337.04296875,151.76446533203125,187.28895568847656,67.87516021728516,38.53185272216797,196.61114501953125,77.09919738769531,384.0959167480469,60.02614212036133,374.0323181152344,305.051513671875
2021-05-11,9.565616607666016,101.04290771484375,144.23263549804688,52.639156341552734,14.2759428024292,48.93122482299805,42.096702575683594,54.44929885864258,113.22264099121094,329.0346984863281,147.69972229003906,187.2793426513672,67.4264907836914,38.09201431274414,192.2109832763672,75.71715545654297,386.4931640625,58.45482635498047,366.1962585449219,305.6098327636719
2021-05-12,9.359106063842773,96.90693664550781,142.56439208984375,52.92121887207031,13.729352951049805,48.904884338378906,42.02303695678711,52.524566650390625,109.74076080322266,323.9883728027344,145.6625518798828,185.788818359375,65.98497009277344,37.73463821411133,186.44207763671875,74.61153411865234,391.287841796875,57.27182388305664,357.05084228515625,301.6417541503906
2021-05-13,9.540838241577148,97.2117691040039,145.65855407714844,52.268959045410156,13.636299133300781,48.002193450927734,42.722816467285156,53.34526443481445,111.17671203613281,328.0198974609375,147.36495971679688,188.2904510498047,67.4111099243164,38.33942794799805,191.63223266601562,75.6636734008789,394.839599609375,58.29227828979492,361.33203125,304.3436584472656
2021-05-14,9.780388832092285,100.66390228271484,147.7328643798828,53.56466293334961,14.212824821472168,50.01998519897461,43.238433837890625,54.71309280395508,113.63761138916016,337.12530517578125,150.30113220214844,189.5171356201172,70.11022186279297,38.81591796875,193.9747314453125,77.88379669189453,408.2841491699219,59.51140213012695,366.9606628417969,314.9916076660156
2021-05-17,10.03646469116211,100.71332550048828,149.40536499023438,54.81629943847656,14.135490417480469,51.595272064208984,44.103939056396484,54.75217056274414,114.1633071899414,337.56402587890625,150.0238037109375,188.86033630371094,69.8709487915039,39.16412353515625,192.92750549316406,78.54361724853516,410.39764404296875,59.33079147338867,366.5306701660156,314.5130310058594
2021-05-18,10.028203964233398,100.9852294921875,146.61163330078125,53.264976501464844,13.98605728149414,50.7014274597168,43.146358489990234,54.60561752319336,112.84407806396484,333.27655029296875,148.2353057861328,187.9910430908203,67.8609619140625,38.632652282714844,190.2456512451172,77.54499816894531,408.450439453125,59.05084991455078,353.2856140136719,309.029541015625
2021-05-19,10.003421783447266,100.73805236816406,146.8358612060547,51.98689651489258,14.0359525680542,49.188079833984375,42.51103591918945,54.25388717651367,113.29446411132812,327.6268615722656,147.98663330078125,189.806884765625,68.15767669677734,38.45854187011719,201.83934020996094,76.7247085571289,412.139404296875,58.545127868652344,342.51568603515625,312.64862060546875
2021-05-20,10.3173189163208,100.9852294921875,147.45254516601562,51.86349868774414,14.581542015075684,49.01993179321289,42.10591125488281,54.23434829711914,115.06259155273438,328.90667724609375,148.75177001953125,192.72386169433594,67.70780944824219,38.366912841796875,204.40139770507812,77.09919738769531,425.90667724609375,58.21099853515625,339.4577331542969,317.653564453125
2021-05-21,11.011199951171875,100.82868194580078,148.6111602783203,51.93400955200195,14.959988594055176,49.250038146972656,42.24401092529297,55.41654968261719,114.42316436767578,334.8305969238281,150.0333709716797,193.06198120117188,69.07650756835938,38.85258102416992,207.4426727294922,78.76652526855469,424.1062316894531,58.43675994873047,343.7867431640625,315.28076171875
2021-05-24,10.788166999816895,102.6906967163086,150.19027709960938,52.54220199584961,15.578926086425781,49.648277282714844,42.57549285888672,55.2993049621582,117.76040649414062,336.68646240234375,151.72622680664062,194.16305541992188,69.49766540527344,39.06333541870117,207.73757934570312,79.97024536132812,430.93609619140625,59.03278350830078,343.4140319824219,323.655517578125
2021-05-25,10.58165454864502,102.49296569824219,147.8356475830078,51.352264404296875,15.614599227905273,48.56859588623047,42.437374114990234,55.455623626708984,117.8516845703125,333.2308044433594,151.12367248535156,192.4244384765625,68.5596694946289,38.495208740234375,207.63621520996094,79.23017883300781,429.54669189453125,57.81365203857422,344.6850280761719,326.8060607910156
2021-05-26,11.48204517364502,104.38793182373047,149.3493194580078,51.95164108276367,15.666739463806152,49.04648208618164,42.722816467285156,56.74530029296875,118.7215347290039,335.8728332519531,151.66885375976562,194.13409423828125,68.46395874023438,38.5226936340332,209.3043212890625,79.66707611083984,433.2845458984375,58.039424896240234,341.8659362792969,326.6764221191406
2021-05-27,12.291571617126465,105.69793701171875,151.1713104248047,51.616695404052734,15.455190658569336,49.143836975097656,43.05427551269531,58.396461486816406,117.84220886230469,339.5021667480469,152.7783203125,192.4051055908203,70.68450927734375,38.99002456665039,209.54391479492188,80.5141372680664,422.8145751953125,59.29467010498047,346.1375427246094,331.7511291503906
2021-05-28,12.00245475769043,105.86270904541016,150.2276153564453,51.44922637939453,16.210084915161133,49.329681396484375,43.0174560546875,57.94702911376953,117.55142211914062,341.24493408203125,153.15130615234375,192.9267120361328,70.68450927734375,38.843406677246094,209.1292266845703,81.09368133544922,429.64453125,59.023746490478516,345.07684326171875,327.74322509765625
2021-06-01,12.233748435974121,110.55892944335938,155.33859252929688,53.291412353515625,16.230043411254883,51.568721771240234,43.5146484375,58.27921676635742,118.7649154663086,350.8030090332031,156.62310791015625,191.65171813964844,71.44063568115234,39.329063415527344,209.4517822265625,82.12798309326172,429.22381591796875,60.062259674072266,348.43109130859375,328.1419982910156
2021-06-02,12.316352844238281,111.38282012939453,155.0302734375,53.71450424194336,16.742706298828125,52.2059211730957,43.10031509399414,58.27921676635742,118.23673248291016,351.7203369140625,156.96742248535156,192.33753967285156,71.7182388305664,39.34739303588867,210.47476196289062,82.7075424194336,435.8579406738281,59.6829719543457,340.88165283203125,328.16192626953125
2021-06-03,13.208484649658203,110.4518051147461,155.3759765625,53.92605209350586,16.933801651000977,52.63072204589844,42.77805709838867,62.00165557861328,117.08906555175781,356.5635070800781,157.3499755859375,195.78575134277344,72.75191497802734,39.798282623291016,211.21200561523438,83.23358917236328,440.8677978515625,59.93583297729492,342.9840393066406,325.061279296875
2021-06-04,13.191961288452148,108.97704315185547,155.34796142578125,54.164039611816406,17.541011810302734,52.96700668334961,43.238433837890625,61.913719177246094,119.38288116455078,359.0676574707031,157.80902099609375,195.12890625,72.47434997558594,39.81669616699219,213.20266723632812,83.7774887084961,451.99322509765625,60.10741424560547,340.8147277832031,329.3583679199219
2021-06-07,13.117618560791016,110.40237426757812,152.81582641601562,53.81146240234375,17.581674575805664,52.93162155151367,43.376548767089844,61.77694320678711,119.81831359863281,356.0498352050781,158.68893432617188,214.92970275878906,71.52680206298828,39.67866897583008,212.7879638671875,83.1087646484375,447.3747253417969,59.791343688964844,339.65838623046875,335.56964111328125
2021-06-08,12.91110610961914,111.8112564086914,152.0496368408203,54.76341247558594,17.420015335083008,53.515716552734375,42.91617202758789,62.45108413696289,119.62578582763672,352.87615966796875,159.2532196044922,213.17178344726562,71.90008544921875,39.45781707763672,216.66790771484375,82.73429107666016,455.2516784667969,59.63782501220703,340.7574157714844,332.6783447265625
2021-06-09,12.787199020385742,111.71239471435547,150.05943298339844,55.22175216674805,17.325448989868164,52.81657791137695,42.28084945678711,61.327510833740234,120.09961700439453,351.1148986816406,156.93873596191406,218.29098510742188,69.72737121582031,38.94251251220703,213.75563049316406,82.62727355957031,458.25555419921875,58.40966796875,334.020263671875,329.2586364746094
2021-06-10,12.481559753417969,110.84727478027344,148.32150268554688,55.30989456176758,17.392070770263672,53.25020980834961,41.51662826538086,59.93037414550781,121.45574951171875,343.0061340332031,155.15977478027344,225.5737762451172,69.50724029541016,38.36278533935547,213.4976043701172,81.74457550048828,461.19097900390625,57.69625473022461,326.28924560546875,331.4620056152344
2021-06-11,12.621989250183105,110.59186553955078,150.10614013671875,54.79866409301758,17.791563034057617,53.07322692871094,42.05986785888672,60.07693099975586,121.2098617553711,346.776123046875,157.34036254882812,216.4461212158203,70.75151062011719,38.51922607421875,214.67723083496094,82.0744857788086,462.0031433105469,57.89492416381836,326.41339111328125,330.265625
2021-06-14,12.283308982849121,109.80917358398438,148.2935028076172,54.71051788330078,17.98469352722168,53.37411117553711,41.57187271118164,59.39301300048828,122.14305877685547,342.0705871582031,156.67091369628906,218.38755798339844,68.92337036132812,38.05912399291992,214.7970733642578,80.88860321044922,466.70965576171875,57.172481536865234,320.6510314941406,335.7590637207031
2021-06-15,12.390694618225098,108.16962432861328,151.4703369140625,56.702571868896484,17.7548828125,54.135215759277344,41.85730743408203,59.41255569458008,121.11959075927734,340.58453369140625,159.02369689941406,215.89553833007812,69.43067169189453,38.08672332763672,214.33624267578125,80.87077331542969,460.5843505859375,57.587894439697266,323.09747314453125,335.7391357421875
2021-06-16,12.407218933105469,107.70823669433594,151.554443359375,56.499839782714844,17.776594161987305,54.099822998046875,41.95859146118164,60.340721130371094,120.47418212890625,340.309326171875,157.5029754638672,213.22972106933594,70.58879089355469,38.298370361328125,213.1289520263672,81.22742462158203,459.2438049316406,57.53371047973633,321.6257629394531,330.08612060546875
2021-06-17,12.200706481933594,106.00276947021484,143.47215270996094,54.640018463134766,18.621994018554688,52.22361755371094,39.398902893066406,58.69933319091797,121.44278717041016,331.5952453613281,155.06411743164062,214.6302490234375,69.04781341552734,36.623634338378906,213.0920867919922,78.38313293457031,464.51788330078125,54.40913772583008,313.8086853027344,335.4998779296875
2021-06-18,11.994194984436035,103.25918579101562,140.17384338378906,53.2385368347168,18.603527069091797,50.91383361816406,38.441314697265625,57.40966033935547,119.81431579589844,319.9732971191406,151.27670288085938,211.09507751464844,66.8368148803711,35.68502426147461,212.4561767578125,74.97711181640625,463.2164306640625,52.648170471191406,314.3725891113281,328.6704406738281
2021-06-21,12.208966255187988,108.34263610839844,144.72421264648438,55.16886901855469,18.392419815063477,53.49802017211914,39.85007095336914,57.937255859375,121.5116195678711,327.9627990722656,157.71340942382812,215.0745391845703,69.62207794189453,36.577613830566406,215.44216918945312,76.6266098022461,467.61968994140625,53.894386291503906,322.8871765136719,331.2925109863281
2021-06-22,12.316352844238281,107.3127670288086,144.72421264648438,56.22658920288086,18.851058959960938,53.798912048339844,40.08945846557617,57.878639221191406,122.02833557128906,327.9536437988281,157.3308563232422,213.88648986816406,69.39237213134766,36.78005599975586,218.61248779296875,76.41262817382812,467.2869873046875,53.524131774902344,326.9199523925781,338.0122985839844
2021-06-23,12.73763656616211,108.9276123046875,146.10702514648438,56.640865325927734,19.021230697631836,53.77236557006836,40.4761848449707,58.7384147644043,121.8253402709961,331.18243408203125,158.78460693359375,209.69456481933594,69.76566314697266,36.991695404052734,218.70458984375,76.564208984375,468.2947998046875,53.506072998046875,332.3192443847656,339.56756591796875
2021-06-24,12.60546875,107.61760711669922,147.22830200195312,56.870033264160156,19.16920280456543,54.32991409301758,41.5994987487793,58.660255432128906,122.19741821289062,338.2454833984375,160.87918090820312,225.0232391357422,70.24422454833984,37.57143020629883,221.03627014160156,77.6430892944336,472.2381591796875,54.192405700683594,335.0617980957031,342.1498107910156
2021-06-25,12.54764461517334,107.9883804321289,149.48948669433594,56.993446350097656,18.995033264160156,54.25910949707031,42.70439910888672,58.914276123046875,122.20590209960938,338.2638244628906,162.06512451171875,222.3670196533203,70.61751556396484,38.298370361328125,221.69061279296875,78.82003021240234,475.63348388671875,55.1044921875,334.4597473144531,340.3452453613281
2021-06-28,12.357653617858887,107.27156829833984,145.76136779785156,55.53907012939453,19.94723129272461,52.73692321777344,42.161155700683594,57.29241943359375,122.23332977294922,338.2087707519531,157.59866333007812,220.43524169921875,70.1389389038086,38.243167877197266,222.34495544433594,78.19589233398438,476.5141296386719,53.957603454589844,334.3642578125,354.5724182128906
2021-06-29,12.398958206176758,107.9224624633789,144.03277587890625,55.195308685302734,19.98890495300293,52.25901794433594,41.24040222167969,57.47806167602539,121.9704818725586,341.79534912109375,157.0917510986328,221.54600524902344,70.08152770996094,37.62662887573242,222.88868713378906,80.8172836303711,480.8292541503906,53.71377944946289,334.3067321777344,350.83367919921875
